School,YrLevel,Domain,EDID,First Name,Last Name,Date of Birth,Year Level,Sex,Indigenous Status,LBOTE Status,Parent 1 School Education,Parent 1 Non-School Education,Parent 1 Occupation,Parent 2 School Education,Parent 2 Non-School Education,Parent 2 Occupation,Student LOTE,Parent 1 LOTE,Parent 2 LOTE,Country of Birth,Local School Student ID,Diocesan Student ID,TAA Student ID,Platform Student ID,Previous Local School Student ID,Previous Diocesan Student ID,Previous TAA Student ID,Previous Platform Student ID,ClassGroup,Education Support,Full Fee Paying Student,Visa Code,Home Schooled Student,Sensitive,Address Line 1,Address Line 2,Locality,Postcode,State,School Code,School Name,R_Score,W_Score,S_Score,G_Score,N_Score,R_Comment,W_Comment,S_Comment,G_Comment,N_Comment,R_Mean,W_Mean,S_Mean,G_Mean,N_Mean,R_Participation,W_Participation,S_Participation,G_Participation,N_Participation,R_Pathway,W_Pathway,S_Pathway,G_Pathway,N_Pathway,R_Stddev,W_Stddev,S_Stddev,G_Stddev,N_Stddev,R_DomainBand,W_DomainBand,S_DomainBand,G_DomainBand,N_DomainBand
21221,9,AllDomains,491169629,Evelyn,Lamb,2009-08-08,9,2,4,1201,4,7,3,2,8,4,1201,1201,1201,1101,491169629,,491169629,R100000235R,,,,,9D,N,2,,N,N,,,,,,21221,Wishram Combined College,614.38,,595.00,589.00,603.44,,,,,,708,705,680,634,775,P,E,P,P,P,A:D:F,,SA:SB:PB,GF,CA:D:C:E,21.26,,18.31,18.16,19.04,8,,8,8,8
21215,5,AllDomains,853010112,Georgia,Allen,2009-05-17,5,2,2,1201,1,5,3,4,5,2,1201,1201,1201,1101,853010112,,853010112,R100000098S,,,,,5A,N,2,,N,N,,,,,,21215,Isovalerate Combined College,535.00,575.00,539.00,539.00,525.00,,,,,,574,522,586,650,682,P,P,P,P,P,A:D:F,,SA:SD:PB,GF,A:B:C,19.46,22.04,19.80,20.97,19.12,6,8,7,7,6
21213,5,AllDomains,819020519,Janet,Williams,2009-03-23,5,2,4,5203,4,5,2,4,5,4,5203,1201,9601,1101,819020519,,819020519,R100000042R,,,,,5B,N,1,,N,N,,,,,,21213,Hippocentaur Primary College,,575.00,521.00,527.00,508.33,,,,,,645,646,695,586,547,S,P,P,P,P,A:D:F,,SA:SB:PB,GF,NC:D:C,,22.92,21.85,21.03,20.58,,8,6,6,6
21214,3,AllDomains,675659121,Joanna,Alvarado,2009-06-11,3,2,1,1201,2,6,1,4,8,4,1201,2201,1201,1101,675659121,,675659121,R100000053G,,,,,3A,N,2,,N,N,,,,,,21214,Iliac Primary College,0.0,,0.0,411.00,,,,,,,517,,551,433,559,R,,R,P,A,A:B:E,,SA:SD:PD,GE,,0.0,,0.0,22.63,,0,,0,5,
21221,9,AllDomains,556791652,Laurene,Pavone,2009-03-07,9,2,3,1201,2,5,3,4,5,1,1201,1201,1201,6101,556791652,,556791652,R100000228H,,,,,9C,N,2,,N,N,,,,,,21221,Wishram Combined College,0.0,655.00,619.00,601.00,608.12,,,,,,708,710,680,634,775,R,P,P,P,P,A:B:F,,SA:SD:PB,GF,CA:D:C:E,0.0,20.13,22.77,21.56,19.21,0,10,9,8,8
21220,7,AllDomains,631734365,Mildred,Newby,2009-10-05,7,2,2,1201,1,8,2,2,6,3,1201,1201,1201,2100,631734365,,631734365,R100000203K,,,,,7F,N,1,,N,N,,,,,,21220,Unturpentined Secondary College,578.12,625.00,,619.00,559.38,,,,,,620,660,638,695,713,P,P,A,P,P,A:D:E,,,GE,NC:B:C:F,19.32,22.86,,19.97,22.73,7,9,,8,7
21217,5,AllDomains,755299767,Jacquelin,Winningham,2009-11-02,5,2,3,1201,3,7,4,1,6,3,1201,1201,1201,1101,755299767,,755299767,R100000135S,,,,,5B,N,1,,N,N,,,,,,21217,Phyllostoma Combined College,531.67,575.00,527.00,545.00,0.0,,,,,,528,519,518,519,606,P,P,P,P,R,A:B:E,,SA:SB:PB,GE,A:B:C,21.05,20.24,19.20,21.79,0.0,6,8,6,7,0
21215,3,AllDomains,674310219,Britney,Lachance,2009-10-05,3,2,3,1201,4,6,1,2,6,3,1201,1201,1201,1101,674310219,,674310219,R100000096E,,,,,3A,N,1,,N,N,,,,,,21215,Isovalerate Combined College,445.77,,441.00,417.00,422.69,,,,,,424,,498,515,410,P,,P,P,P,A:B:E,,SA:SB:PB,GE,CA:B:F,22.63,,22.36,19.80,18.23,6,,6,5,5
21215,9,AllDomains,396082924,Tessie,Dearing,2009-11-04,9,2,4,1201,2,7,2,3,6,1,1201,1201,5203,1101,396082924,,396082924,R100000081K,,,,,9D,N,2,,N,N,,,,,,21215,Isovalerate Combined College,601.88,505.00,613.00,625.00,610.47,,,,,,649,723,618,745,596,P,P,P,P,P,A:D:F,,SA:SB:PD,GF,CA:B:C:F,21.85,21.23,21.59,19.87,20.73,8,6,8,9,8
21221,9,AllDomains,203867073,Simone,Allen,2009-03-21,9,2,3,1201,4,7,4,4,8,1,1201,1201,1201,1101,203867073,,203867073,R100000233H,,,,,9C,N,1,,N,N,,,,,,21221,Wishram Combined College,601.88,655.00,595.00,607.00,605.78,,,,,,708,710,680,634,775,P,P,P,P,P,A:D:E,,SA:SD:PD,GE,NC:B:C:F,22.78,18.02,18.63,20.00,19.82,8,10,8,8,8
21215,9,AllDomains,885381996,Jeanette,Costello,2009-05-19,9,2,4,1201,3,8,4,1,7,3,1201,1201,1201,1101,885381996,,885381996,R100000088P,,,,,9F,N,1,,N,N,,,,,,21215,Isovalerate Combined College,598.75,655.00,631.00,607.00,610.47,,,,,,649,681,618,745,596,P,P,P,P,P,A:D:F,,SA:SB:PD,GF,CA:D:C:E,18.88,22.68,19.46,20.09,21.59,8,10,9,8,8
21221,5,AllDomains,271624309,Teodoro,Upham,2009-06-13,5,1,4,1201,2,6,3,3,6,4,1201,1201,1201,1101,271624309,,271624309,R100000231M,,,,,5F,N,1,,N,N,,,,,,21221,Wishram Combined College,,575.00,503.00,0.00,531.67,,,,,,543,500,548,579,524,W,P,P,P,P,,,SA:SD:PB,G,CA:B:E,,20.13,22.94,19.36,22.15,,8,6,0,6
21220,9,AllDomains,634017946,Agustin,Long,2009-10-27,9,1,1,1201,2,6,1,2,6,1,1201,7100,1201,1101,634017946,,634017946,R100000222K,,,,,9C,N,2,,N,N,,,,,,21220,Unturpentined Secondary College,620.62,505.00,607.00,595.00,605.78,,,,,,759,721,655,617,662,P,P,P,P,P,A:B:F,,SA:SD:PB,GF,CA:B:C:E,18.11,21.31,19.14,18.62,18.56,9,6,8,8,8
21214,5,AllDomains,680948416,Valentina,Soto,2009-08-06,5,2,4,1201,1,5,3,2,8,1,1201,1201,1201,1101,680948416,,680948416,R100000051A,,,,,5B,N,1,,N,N,,,,,,21214,Iliac Primary College,531.67,575.00,527.00,527.00,545.00,,,,,,557,682,531,533,572,P,P,P,P,P,A:D:E,,SA:SB:PB,GE,A:D:C,22.06,21.98,19.26,21.80,19.92,6,8,6,6,7
21212,3,AllDomains,396107093,June,Woodside,2009-09-10,3,2,2,7100,2,8,4,3,6,3,7100,1201,1201,1101,396107093,,396107093,R100000021D,,,,,3E,N,2,,N,N,,,,,,21212,Anticapital Primary College,430.38,,429.00,,426.54,,,,,,582,,416,587,509,P,,P,E,P,A:B:F,,SA:SB:PB,,A:B:F,18.72,,19.90,,20.68,6,,6,,5
21221,9,AllDomains,900848255,Jeffrey,Odum,2009-04-04,9,1,2,1201,3,6,2,3,8,4,1201,2201,1201,3307,900848255,,900848255,R100000226M,,,,,9A,N,2,,N,N,,,,,,21221,Wishram Combined College,601.88,505.00,,595.00,,,,,,,708,705,680,634,775,P,P,E,P,X,A:D:C,,,GC,,22.64,21.09,,20.28,,8,6,,8,
21217,5,AllDomains,266211914,Herbert,Wood,2009-08-14,5,1,2,1201,3,6,2,2,8,2,1201,1201,9601,2100,266211914,,266211914,R100000128G,,,,,5A,N,2,,N,N,,,,,,21217,Phyllostoma Combined College,,575.00,527.00,0.00,,,,,,,528,541,518,519,606,A,P,P,P,E,,,SA:SB:PB,G,,,18.57,20.84,19.41,,,8,6,0,
21218,9,AllDomains,574013097,Guillermina,Bean,2009-02-15,9,2,3,1201,4,7,3,2,5,4,1201,1201,2201,1101,574013097,,574013097,R100000166G,,,,,9D,N,1,,N,N,,,,,,21218,Redistrainer Secondary College,620.62,505.00,631.00,,610.47,,,,,,644,671,612,651,724,P,P,P,C,P,A:B:C,,SA:SB:PB,,CA:B:C:F,22.50,19.50,21.79,,19.84,9,6,9,,8
21215,3,AllDomains,439970865,Trevor,Duncan,2009-11-08,3,1,3,1201,1,7,4,1,7,3,1201,1201,9601,6101,439970865,,439970865,R100000086G,,,,,3D,N,1,,N,N,,,,,,21215,Isovalerate Combined College,434.23,,435.00,435.00,430.38,,,,,,424,,498,515,410,P,,P,P,P,A:B:F,,SA:SB:PB,GF,CA:D:E,22.54,,20.17,18.81,21.90,6,,6,6,6
21217,5,AllDomains,802538749,Nakia,Cosby,2009-03-13,5,2,1,1201,1,7,3,1,5,4,1201,1201,7100,1101,802538749,,802538749,R100000142K,,,,,5C,N,1,,N,N,,,,,,21217,Phyllostoma Combined College,538.33,575.00,533.00,,515.00,,,,,,528,519,518,519,606,P,P,P,C,P,A:B:E,,SA:SD:PB,,CA:D:E,20.42,22.70,22.38,,20.40,7,8,6,,6
21218,9,AllDomains,133061145,Chrystal,Pierce,2009-09-21,9,2,4,1201,3,8,4,1,6,3,1201,1201,1201,1101,133061145,,133061145,R100000150A,,,,,9A,N,2,,N,N,,,,,,21218,Redistrainer Secondary College,0.0,505.00,607.00,,615.16,,,,,,644,745,612,651,724,R,P,P,A,P,A:B:F,,SA:SB:PD,,NC:B:C:F,0.0,18.18,18.95,,21.15,0,6,8,,8
21217,3,AllDomains,335776714,Byron,Hall,2009-09-20,3,1,4,1201,4,5,4,4,7,3,1201,1201,1201,4111,335776714,,335776714,R100000129H,,,,,3D,N,1,,N,N,,,,,,21217,Phyllostoma Combined College,422.69,,387.00,411.00,426.54,,,,,,431,,425,418,484,P,,P,P,P,A:B:E,,SA:SB:PD,GE,CA:D:F,18.62,,21.54,21.79,20.62,5,,4,5,5
21216,9,AllDomains,888211114,Russell,Riley,2009-09-08,9,1,4,1201,3,6,2,4,5,3,1201,9601,5203,1101,888211114,,888211114,R100000121S,,,,,9B,N,1,,N,N,,,,,,21216,Ophthalmoplegia Combined College,601.88,,,,,,,,,,762,744,706,764,752,P,S,W,C,W,A:D:C,,,,,18.58,,,,,8,,,,
21220,7,AllDomains,211703575,Columbus,May,2009-09-23,7,1,3,1201,1,5,3,2,8,3,1201,1201,1201,1101,211703575,,211703575,R100000206A,,,,,7E,N,1,,N,N,,,,,,21220,Unturpentined Secondary College,,625.00,583.00,0.00,578.12,,,,,,620,722,638,695,713,X,P,P,P,P,,,SA:SD:PB,G,NC:D:E:F,,22.31,21.04,18.56,19.81,,9,7,0,7
21217,7,AllDomains,425987780,Genevie,Carlton,2009-04-15,7,2,1,1201,1,7,3,4,7,1,1201,1201,1201,3307,425987780,,425987780,R100000140S,,,,,7C,N,2,,N,N,,,,,,21217,Phyllostoma Combined College,,625.00,577.00,0.00,0.0,,,,,,711,618,568,574,653,X,P,P,P,R,,,SA:SD:PD,G,NC:B:C:F,,20.45,20.37,18.22,0.0,,9,7,0,0
21219,9,AllDomains,619018444,Leslie,Smith,2009-02-23,9,1,3,1201,4,8,1,2,5,1,1201,2201,1201,6101,619018444,,619018444,R100000193A,,,,,9D,N,2,,N,N,,,,,,21219,Trotcozy Secondary College,601.88,505.00,613.00,0.00,,,,,,,767,727,748,774,608,P,P,P,P,X,A:C:B,,SA:SD:PD,GB,,20.45,19.07,21.14,19.08,,8,6,8,0,
21220,7,AllDomains,627653130,Ernesto,Morgan,2009-08-27,7,1,3,1201,1,8,3,2,5,3,1201,1201,1201,3307,627653130,,627653130,R100000207M,,,,,7E,N,1,,N,N,,,,,,21220,Unturpentined Secondary College,575.00,475.00,577.00,601.00,581.25,,,,,,620,660,638,695,713,P,P,P,P,P,A:B:E,,SA:SD:PB,GE,A:D:C:E,20.49,21.16,18.24,22.96,18.98,7,5,7,8,7
21216,7,AllDomains,450912812,Peter,Fugate,2009-10-27,7,1,1,1201,1,8,1,4,8,1,1201,1201,1201,1101,450912812,,450912812,R100000111P,,,,,7A,N,2,,N,N,,,,,,21216,Ophthalmoplegia Combined College,584.38,625.00,583.00,559.00,587.50,,,,,,654,746,726,644,663,P,P,P,P,P,A:B:E,,SA:SD:PB,GE,NC:D:E:F,20.75,19.80,18.97,22.57,22.32,7,9,7,7,8
21219,7,AllDomains,6933898,Willian,Jaramillo,2009-07-13,7,1,4,1201,2,8,3,4,8,4,1201,1201,1201,1101,6933898,,6933898,R100000198R,,,,,7E,N,2,,N,N,,,,,,21219,Trotcozy Secondary College,,475.00,583.00,0.00,596.88,,,,,,567,599,671,664,595,W,P,P,P,P,,,SA:SB:PD,G,NC:D:C:F,,22.14,20.25,21.48,18.98,,5,7,0,8
21213,5,AllDomains,382707688,Aurora,Fulton,2009-08-04,5,2,2,7100,2,5,1,1,7,4,7100,1201,1201,1101,382707688,,382707688,R100000035D,,,,,5E,N,2,,N,N,,,,,,21213,Hippocentaur Primary College,,,539.00,0.00,535.00,,,,,,645,585,695,586,547,A,E,P,P,P,,,SA:SB:PB,G,CA:B:F,,,19.49,21.32,18.71,,,7,0,6
21212,5,AllDomains,990752961,Judi,Dansby,2009-12-25,5,2,3,1201,2,5,4,1,6,1,1201,1201,7100,1101,990752961,,990752961,R100000018R,,,,,5B,N,2,,N,N,,,,,,21212,Anticapital Primary College,541.67,425.00,533.00,539.00,528.33,,,,,,656,637,528,584,567,P,P,P,P,P,A:D:C,,SA:SD:PD,GC,A:B:C,19.19,20.08,20.55,21.45,18.43,7,4,6,7,6
21216,3,AllDomains,282643161,Audrey,Poch,2009-11-26,3,2,2,1201,2,6,4,3,8,4,1201,5203,1201,1101,282643161,,282643161,R100000106P,,,,,3F,N,1,,N,N,,,,,,21216,Ophthalmoplegia Combined College,0.0,,429.00,411.00,422.69,,,,,,510,,392,414,555,R,,P,P,P,A:B:F,,SA:SD:PB,GF,A:B:E,0.0,,19.81,18.47,20.64,0,,6,5,5
21221,5,AllDomains,451351971,Anita,Ryans,2009-09-21,5,2,2,9601,1,6,4,3,5,3,9601,1201,1201,4111,451351971,,451351971,R100000234P,,,,,5E,N,1,,N,N,,,,,,21221,Wishram Combined College,,425.00,527.00,0.00,535.00,,,,,,543,560,548,579,524,X,P,P,P,P,,,SA:SB:PB,G,CA:B:C,,22.86,19.77,21.60,18.88,,4,6,0,6
21212,5,AllDomains,383655377,Juana,Stout,2009-10-24,5,2,3,1201,1,6,3,1,5,4,1201,1201,1201,1101,383655377,,383655377,R100000011H,,,,,5D,N,1,,N,N,,,,,,21212,Anticapital Primary College,518.33,,,515.00,541.67,,,,,,656,637,528,584,567,P,A,C,P,P,A:D:F,,,GF,CA:D:F,21.01,,,21.43,18.69,6,,,6,7
21216,5,AllDomains,192512270,Christoper,Stokely,2009-06-18,5,1,2,1201,4,8,2,2,8,3,1201,1201,1201,4111,192512270,,192512270,R100000115D,,,,,5B,N,2,,N,N,,,,,,21216,Ophthalmoplegia Combined College,555.00,575.00,533.00,533.00,0.0,,,,,,698,622,696,515,604,P,P,P,P,R,A:B:C,,SA:SD:PB,GC,CA:B:F,18.53,19.80,20.40,21.34,0.0,7,8,6,6,0
21219,7,AllDomains,444721933,Barry,Manders,2009-07-06,7,1,1,1201,1,7,3,4,7,1,1201,1201,1201,1101,444721933,,444721933,R100000185G,,,,,7B,N,2,,N,N,,,,,,21219,Trotcozy Secondary College,565.62,625.00,601.00,0.0,581.25,,,,,,567,599,671,664,595,P,P,P,R,P,A:B:C,,SA:SD:PD,GC,A:B:E:F,20.15,18.21,22.51,0.0,20.17,7,9,8,0,7
21217,7,AllDomains,641342585,Lydia,Thompson,2009-05-10,7,2,1,7100,4,8,1,3,7,1,7100,1201,1201,1101,641342585,,641342585,R100000146M,,,,,7F,N,1,,N,N,,,,,,21217,Phyllostoma Combined College,,475.00,577.00,0.00,568.75,,,,,,711,618,568,574,653,W,P,P,P,P,,,SA:SD:PB,G,A:B:E:F,,21.98,20.10,21.19,23.00,,5,7,0,7
21218,9,AllDomains,943780521,Barry,Lewis,2009-06-23,9,1,3,1201,4,7,1,3,8,2,1201,1201,1201,3307,943780521,,943780521,R100000157E,,,,,9B,N,1,,N,N,,,,,,21218,Redistrainer Secondary College,595.62,655.00,,631.00,583.12,,,,,,644,745,612,651,724,P,P,A,P,P,A:B:E,,,GE,A:D:C:F,20.18,22.26,,18.19,20.70,8,10,,9,8
21219,9,AllDomains,434117401,Rory,Santoyo,2009-03-09,9,1,3,1201,3,8,3,2,5,2,1201,1201,1201,1101,434117401,,434117401,R100000192P,,,,,9F,N,2,,N,N,,,,,,21219,Trotcozy Secondary College,0.0,,613.00,625.00,605.78,,,,,,767,727,748,774,608,R,A,P,P,P,A:D:F,,SA:SD:PB,GF,CA:B:C:F,0.0,,20.11,20.43,19.71,0,,8,9,8
21215,5,AllDomains,822404131,Stevie,Ussery,2009-12-21,5,1,2,1201,2,7,3,1,6,4,1201,1201,1201,1101,822404131,,822404131,R100000080R,,,,,5C,N,1,,N,N,,,,,,21215,Isovalerate Combined College,541.67,575.00,527.00,545.00,528.33,,,,,,574,522,586,650,682,P,P,P,P,P,A:D:C,,SA:SD:PB,GC,NC:D:C,18.96,20.71,21.05,21.54,18.74,7,8,6,7,6
21220,9,AllDomains,327855067,Angela,Diaz,2009-04-15,9,2,1,1201,1,8,3,4,8,3,1201,1201,1201,1101,327855067,,327855067,R100000217K,,,,,9C,N,2,,N,N,,,,,,21220,Unturpentined Secondary College,617.50,655.00,595.00,631.00,601.09,,,,,,759,721,655,617,662,P,P,P,P,P,A:B:E,,SA:SD:PD,GE,NC:B:C:F,20.22,19.71,21.95,20.22,20.59,9,10,8,9,8
21221,5,AllDomains,685311639,Erica,Fulton,2009-06-16,5,2,1,1201,1,6,3,3,7,4,1201,1201,1201,1101,685311639,,685311639,R100000240R,,,,,5F,N,1,,N,N,,,,,,21221,Wishram Combined College,538.33,575.00,527.00,533.00,0.0,,,,,,543,560,548,579,524,P,P,P,P,R,A:D:F,,SA:SD:PD,GF,A:B:E,19.40,20.39,18.74,19.45,0.0,7,8,6,6,0
21215,3,AllDomains,340433409,Jessie,Carlton,2009-06-26,3,1,3,5203,2,8,2,1,7,1,5203,1201,1201,2100,340433409,,340433409,R100000087H,,,,,3B,N,2,,N,N,,,,,,21215,Isovalerate Combined College,415.00,,417.00,399.00,,,,,,,424,,498,515,410,P,,P,P,E,A:D:F,,SA:SD:PD,GF,,20.48,,20.95,18.73,,5,,5,5,
21217,3,AllDomains,402173859,Caitlin,Beam,2009-01-03,3,2,4,1201,2,6,3,1,8,3,1201,1201,1201,1101,402173859,,402173859,R100000125P,,,,,3F,N,2,,N,N,,,,,,21217,Phyllostoma Combined College,,,417.00,0.00,422.69,,,,,,431,,425,418,484,E,,P,P,P,,,SA:SD:PD,G,CA:B:C,,,19.89,18.32,22.88,,,5,0,5
21216,9,AllDomains,10837212,Lynn,Gallagher,2009-11-08,9,1,3,1201,3,8,3,4,6,2,1201,1201,1201,1101,10837212,,10837212,R100000109G,,,,,9E,N,1,,N,N,,,,,,21216,Ophthalmoplegia Combined College,,505.00,601.00,619.00,619.84,,,,,,762,687,706,764,752,S,P,P,P,P,A:D:F,,SA:SD:PD,GF,CA:D:E:F,,22.90,18.73,21.09,22.63,,6,8,9,9
21221,3,AllDomains,430438093,Dorie,Tibbitts,2009-10-06,3,2,1,1201,3,8,2,2,7,2,1201,1201,5203,1101,430438093,,430438093,R100000227G,,,,,3B,N,1,,N,N,,,,,,21221,Wishram Combined College,422.69,,411.00,411.00,411.15,,,,,,493,,586,565,399,P,,P,P,P,A:B:C,,SA:SB:PD,GC,CA:D:E,21.48,,19.48,21.32,18.73,5,,5,5,5
21212,5,AllDomains,61184023,Judith,Spangler,2009-12-03,5,2,4,1201,4,5,4,2,7,1,1201,1201,1201,1101,61184023,,61184023,R100000019K,,,,,5F,N,2,,N,N,,,,,,21212,Anticapital Primary College,531.67,425.00,,539.00,521.67,,,,,,656,643,528,584,567,P,P,S,P,P,A:D:C,,SA:SB:PD,GC,A:D:E,19.02,20.90,,22.89,21.98,6,4,,7,6
21218,9,AllDomains,564353838,Dot,Goering,2009-12-20,9,2,2,1201,4,6,4,3,7,1,1201,1201,1201,1101,564353838,,564353838,R100000171G,,,,,9E,N,1,,N,N,,,,,,21218,Redistrainer Secondary College,605.00,655.00,619.00,601.00,608.12,,,,,,644,745,612,651,724,P,P,P,P,P,A:B:C,,SA:SB:PD,GC,NC:D:C:F,21.02,22.82,18.52,22.58,18.92,8,10,9,8,8
21216,7,AllDomains,477249064,Pablo,Darling,2009-09-01,7,1,4,1201,3,6,4,4,5,1,1201,7100,1201,1101,477249064,,477249064,R100000105H,,,,,7B,N,2,,N,N,,,,,,21216,Ophthalmoplegia Combined College,,,,0.00,578.12,,,,,,654,721,726,644,663,S,E,S,P,P,A:C:B,,SA:SD:PB,GB,CA:B:E:F,,,,20.62,18.47,,,,0,7
21219,9,AllDomains,788534120,Rita,Bingham,2009-07-02,9,2,1,1201,4,5,4,1,5,1,1201,9601,1201,4111,788534120,,788534120,R100000199K,,,,,9B,N,2,,N,N,,,,,,21219,Trotcozy Secondary College,614.38,655.00,607.00,625.00,617.50,,,,,,767,689,748,774,608,P,P,P,P,P,A:B:F,,SA:SB:PB,GF,CA:B:E:F,22.26,21.58,18.25,20.83,22.68,8,10,8,9,9
21213,5,AllDomains,417330656,Jim,Brown,2009-01-14,5,1,4,1201,4,6,3,2,8,1,1201,1201,1201,1101,417330656,,417330656,R100000048G,,,,,5A,N,1,,N,N,,,,,,21213,Hippocentaur Primary College,528.33,,533.00,,531.67,,,,,,645,585,695,586,547,P,S,P,A,P,A:B:C,,SA:SD:PB,,A:B:E,22.77,,22.83,,22.59,6,,6,,6
21221,7,AllDomains,25072537,Vera,Johnson,2009-01-03,7,2,3,1201,3,7,2,4,6,4,1201,1201,1201,1101,25072537,,25072537,R100000232G,,,,,7F,N,2,,N,N,,,,,,21221,Wishram Combined College,578.12,475.00,571.00,577.00,587.50,,,,,,620,728,626,569,679,P,P,P,P,P,A:D:F,,SA:SD:PD,GF,A:D:C:F,18.10,19.85,22.30,20.63,22.71,7,5,7,7,8
21217,3,AllDomains,496457483,Colette,Dodd,2009-08-03,3,2,2,1201,2,6,2,2,8,2,1201,1201,1201,1101,496457483,,496457483,R100000148H,,,,,3B,N,2,,N,N,,,,,,21217,Phyllostoma Combined College,391.92,,411.00,429.00,418.85,,,,,,431,,425,418,484,P,,P,P,P,A:B:E,,SA:SB:PB,GE,CA:B:C,20.99,,19.12,22.61,18.17,5,,5,6,5
21217,3,AllDomains,381224207,Vanessa,Bubb,2009-09-08,3,2,1,2201,3,7,4,3,7,2,2201,1201,1201,1101,381224207,,381224207,R100000147G,,,,,3E,N,2,,N,N,,,,,,21217,Phyllostoma Combined College,403.46,,435.00,423.00,438.08,,,,,,431,,425,418,484,P,,P,P,P,A:B:C,,SA:SB:PD,GC,CA:D:E,18.17,,18.87,21.59,22.13,5,,6,5,6
21220,7,AllDomains,575358325,Ethel,Ellerman,2009-08-10,7,2,4,1201,4,8,4,4,8,3,1201,1201,1201,1101,575358325,,575358325,R100000210P,,,,,7C,N,1,,N,N,,,,,,21220,Unturpentined Secondary College,575.00,625.00,577.00,601.00,,,,,,,620,722,638,695,713,P,P,P,P,X,A:B:E,,SA:SD:PB,GE,,20.67,19.83,19.92,22.94,,7,9,7,8,
21212,3,AllDomains,605628993,Lloyd,Kirkland,2009-01-09,3,1,3,1201,2,5,1,4,7,1,1201,1201,1201,4111,605628993,,605628993,R100000004R,,,,,3B,N,2,,N,N,,,,,,21212,Anticapital Primary College,426.54,,411.00,0.00,418.85,,,,,,582,,416,587,509,P,,P,P,P,A:C:B,,SA:SB:PD,GB,NC:B:F,18.39,,22.76,19.19,18.50,5,,5,0,5
21214,3,AllDomains,209737245,Miriam,Ventimiglia,2009-01-11,3,2,3,1201,2,6,3,3,8,2,1201,1201,5203,1101,209737245,,209737245,R100000069P,,,,,3E,N,2,,N,N,,,,,,21214,Iliac Primary College,441.92,,441.00,417.00,422.69,,,,,,517,,551,433,559,P,,P,P,P,A:D:C,,SA:SD:PB,GC,A:D:F,19.77,,19.31,20.18,19.79,6,,6,5,5
21221,3,AllDomains,947420789,Elvis,Lopez,2009-10-28,3,1,3,1201,4,6,4,2,8,4,1201,1201,1201,1101,947420789,,947420789,R100000238D,,,,,3D,N,2,,N,N,,,,,,21221,Wishram Combined College,,,411.00,417.00,422.69,,,,,,493,,586,565,399,S,,P,P,P,A:B:E,,SA:SD:PD,GE,NC:D:E,,,22.67,18.80,20.12,,,5,5,5
21218,9,AllDomains,696159850,Chrystal,Pearson,2009-06-12,9,2,2,5203,4,8,2,2,5,2,5203,1201,1201,2100,696159850,,696159850,R100000156K,,,,,9A,N,2,,N,N,,,,,,21218,Redistrainer Secondary College,601.88,655.00,589.00,643.00,611.25,,,,,,644,671,612,651,724,P,P,P,P,P,A:B:F,,SA:SD:PD,GF,A:B:C:F,22.67,19.49,22.03,21.24,19.08,8,10,8,9,8
21212,3,AllDomains,842856266,Trenton,Vickery,2009-08-27,3,1,4,1201,3,6,1,2,7,2,1201,1201,1201,1101,842856266,,842856266,R100000024K,,,,,3C,N,2,,N,N,,,,,,21212,Anticapital Primary College,418.85,,423.00,423.00,403.46,,,,,,582,,416,587,509,P,,P,P,P,A:B:C,,SA:SB:PB,GC,CA:B:C,20.65,,21.24,18.51,19.08,5,,5,5,5
21215,3,AllDomains,912369050,Sharonda,Sloan,2009-11-26,3,2,2,1201,3,8,1,3,7,1,1201,1201,1201,1101,912369050,,912369050,R100000089A,,,,,3E,N,1,,N,N,,,,,,21215,Isovalerate Combined College,411.15,,411.00,429.00,418.85,,,,,,424,,498,515,410,P,,P,P,P,A:D:E,,SA:SD:PD,GE,CA:B:C,22.37,,22.22,20.91,22.53,5,,5,6,5
21213,3,AllDomains,366375982,Jesse,Warrick,2009-11-21,3,1,2,1201,3,7,3,4,7,4,1201,2201,5203,1101,366375982,,366375982,R100000038K,,,,,3D,N,1,,N,N,,,,,,21213,Hippocentaur Primary College,422.69,,423.00,435.00,438.08,,,,,,578,,546,505,535,P,,P,P,P,A:D:C,,SA:SD:PD,GC,NC:B:F,20.77,,18.87,21.03,18.77,5,,5,6,6
21214,3,AllDomains,766731912,Kellie,Sherman,2009-07-22,3,2,2,1201,2,5,1,4,7,2,1201,2201,1201,1101,766731912,,766731912,R100000071M,,,,,3D,N,2,,N,N,,,,,,21214,Iliac Primary College,441.92,,429.00,405.00,411.15,,,,,,517,,551,433,559,P,,P,P,P,A:D:C,,SA:SB:PB,GC,A:B:F,23.00,,22.85,18.74,19.62,6,,6,5,5
21216,7,AllDomains,192409105,Lucas,Huggins,2009-10-27,7,1,4,1201,1,5,4,3,6,1,1201,1201,2201,1101,192409105,,192409105,R100000114G,,,,,7A,N,1,,N,N,,,,,,21216,Ophthalmoplegia Combined College,559.38,625.00,565.00,571.00,568.75,,,,,,654,746,726,644,663,P,P,P,P,P,A:B:F,,SA:SD:PD,GF,CA:D:C:E,21.36,22.94,21.61,22.57,21.52,7,9,7,7,7
21216,9,AllDomains,491481562,Everett,Miguel,2009-06-14,9,1,3,1201,2,5,1,1,6,4,1201,1201,1201,4111,491481562,,491481562,R100000107A,,,,,9A,N,2,,N,N,,,,,,21216,Ophthalmoplegia Combined College,620.62,,595.00,601.00,608.12,,,,,,762,687,706,764,752,P,W,P,P,P,A:B:C,,SA:SD:PD,GC,NC:B:E:F,18.97,,22.65,22.34,21.46,9,,8,8,8
21214,5,AllDomains,478468366,Pierre,Brawley,2009-02-28,5,1,2,1201,4,8,2,4,5,2,1201,1201,1201,1101,478468366,,478468366,R100000057K,,,,,5A,N,1,,N,N,,,,,,21214,Iliac Primary College,531.67,,527.00,527.00,,,,,,,557,535,531,533,572,P,A,P,P,S,A:B:E,,SA:SD:PB,GE,A:B:C,20.63,,20.71,20.84,,6,,6,6,
21213,3,AllDomains,996421153,Mattie,Taylor,2009-02-25,3,2,3,1201,2,7,4,1,5,1,1201,1201,1201,1101,996421153,,996421153,R100000034G,,,,,3B,N,2,,N,N,,,,,,21213,Hippocentaur Primary College,,,447.00,0.00,411.15,,,,,,578,,546,505,535,E,,P,P,P,,,SA:SD:PD,G,A:B:E,,,22.94,22.23,19.23,,,6,0,5
21216,9,AllDomains,749836672,Antone,Hall,2009-01-27,9,1,1,1201,3,5,4,1,6,1,1201,1201,1201,1101,749836672,,749836672,R100000108M,,,,,9E,N,1,,N,N,,,,,,21216,Ophthalmoplegia Combined College,,655.00,625.00,,608.12,,,,,,762,744,706,764,752,X,P,P,E,P,,,SA:SB:PB,,A:B:C:F,,19.18,21.46,,18.75,,10,9,,8
21219,9,AllDomains,756107976,Mack,Huggins,2009-07-23,9,1,1,9601,2,6,2,1,8,3,9601,1201,1201,1101,756107976,,756107976,R100000179R,,,,,9F,N,1,,N,N,,,,,,21219,Trotcozy Secondary College,0.0,655.00,631.00,607.00,589.38,,,,,,767,727,748,774,608,R,P,P,P,P,A:D:F,,SA:SB:PB,GF,NC:D:C:F,0.0,20.40,19.19,20.22,18.43,0,10,9,8,8
21220,7,AllDomains,891208554,Darren,Brown,2009-01-11,7,1,4,1201,1,8,1,4,6,3,1201,5203,5203,1101,891208554,,891208554,R100000218E,,,,,7D,N,1,,N,N,,,,,,21220,Unturpentined Secondary College,571.88,475.00,,583.00,580.47,,,,,,620,722,638,695,713,P,P,C,P,P,A:B:F,,,GF,CA:B:C:F,22.89,22.75,,19.36,22.26,7,5,,7,7
21213,3,AllDomains,772546884,Sara,Gist,2009-09-22,3,2,1,1201,2,8,2,1,8,2,1201,1201,1201,1101,772546884,,772546884,R100000047M,,,,,3B,N,2,,N,N,,,,,,21213,Hippocentaur Primary College,434.23,,423.00,405.00,,,,,,,578,,546,505,535,P,,P,P,W,A:D:F,,SA:SD:PB,GF,,19.32,,18.33,20.54,,6,,5,5,
21216,5,AllDomains,198273077,Kristin,Baker,2009-03-05,5,2,3,9601,1,5,2,1,5,3,9601,1201,1201,1101,198273077,,198273077,R100000113M,,,,,5D,N,1,,N,N,,,,,,21216,Ophthalmoplegia Combined College,515.00,575.00,509.00,527.00,515.00,,,,,,698,570,696,515,604,P,P,P,P,P,A:B:E,,SA:SD:PB,GE,CA:B:C,18.90,19.77,18.96,20.86,22.10,6,8,6,6,6
21218,7,AllDomains,213211247,Jared,Varela,2009-05-20,7,1,2,1201,1,5,3,1,6,1,1201,1201,9601,1101,213211247,,213211247,R100000163D,,,,,7A,N,1,,N,N,,,,,,21218,Redistrainer Secondary College,590.62,475.00,571.00,589.00,0.0,,,,,,745,706,717,699,550,P,P,P,P,R,A:D:E,,SA:SB:PB,GE,CA:B:C:E,20.01,18.31,21.22,18.70,0.0,8,5,7,8,0
21219,9,AllDomains,465705203,Marc,Foster,2009-04-02,9,1,3,1201,1,7,1,4,7,1,1201,1201,1201,1101,465705203,,465705203,R100000197S,,,,,9A,N,2,,N,N,,,,,,21219,Trotcozy Secondary College,605.00,0.0,613.00,613.00,,,,,,,767,727,748,774,608,P,R,P,P,C,A:B:C,,SA:SB:PD,GC,,20.93,0.0,18.58,20.74,,8,0,8,8,
21214,3,AllDomains,540268370,Salvador,Romano,2009-03-17,3,1,4,1201,2,6,3,1,6,3,1201,1201,9601,1101,540268370,,540268370,R100000072G,,,,,3A,N,2,,N,N,,,,,,21214,Iliac Primary College,399.62,,429.00,417.00,,,,,,,517,,551,433,559,P,,P,P,A,A:B:F,,SA:SD:PD,GF,,20.57,,18.77,20.42,,5,,6,5,
21217,3,AllDomains,969220439,Brock,Smith,2009-04-13,3,1,4,1201,2,7,2,3,6,3,1201,9601,9601,1101,969220439,,969220439,R100000132M,,,,,3B,N,2,,N,N,,,,,,21217,Phyllostoma Combined College,418.85,,423.00,429.00,430.38,,,,,,431,,425,418,484,P,,P,P,P,A:D:C,,SA:SD:PD,GC,CA:B:C,21.41,,20.65,21.56,21.17,5,,5,6,6
21214,3,AllDomains,222625718,Miranda,Bradley,2009-01-16,3,2,1,9601,4,6,3,1,7,1,9601,7100,1201,2100,222625718,,222625718,R100000052M,,,,,3B,N,1,,N,N,,,,,,21214,Iliac Primary College,422.69,,435.00,423.00,430.38,,,,,,517,,551,433,559,P,,P,P,P,A:B:F,,SA:SB:PD,GF,CA:D:C,20.87,,20.12,18.54,20.22,5,,6,5,6
21221,7,AllDomains,933260619,Adan,Raap,2009-08-16,7,1,2,5203,4,8,1,3,8,2,5203,2201,1201,1101,933260619,,933260619,R100000236K,,,,,7B,N,1,,N,N,,,,,,21221,Wishram Combined College,575.00,,577.00,559.00,573.44,,,,,,620,728,626,569,679,P,X,P,P,P,A:B:E,,SA:SD:PB,GE,CA:B:C:E,20.29,,18.40,22.53,19.69,7,,7,7,7
21212,3,AllDomains,402023619,Pattie,Davis,2009-06-22,3,2,2,1201,2,6,3,4,7,4,1201,1201,1201,1101,402023619,,402023619,R100000008A,,,,,3F,N,1,,N,N,,,,,,21212,Anticapital Primary College,430.38,,429.00,441.00,,,,,,,582,,416,587,509,P,,P,P,S,A:D:C,,SA:SB:PB,GC,A:D:E,21.79,,20.28,20.63,,6,,6,6,
21215,5,AllDomains,188250194,Carlos,Mcdaniel,2009-01-28,5,1,1,5203,4,8,3,2,7,2,5203,1201,1201,1101,188250194,,188250194,R100000094A,,,,,5C,N,2,,N,N,,,,,,21215,Isovalerate Combined College,525.00,575.00,515.00,527.00,535.00,,,,,,574,539,586,650,682,P,P,P,P,P,A:B:C,,SA:SB:PD,GC,A:B:F,22.07,21.64,22.91,21.54,19.00,6,8,6,6,6
21214,5,AllDomains,774111723,Kevin,Lachance,2009-12-22,5,1,4,1201,1,8,1,4,8,1,1201,1201,5203,1101,774111723,,774111723,R100000059D,,,,,5B,N,2,,N,N,,,,,,21214,Iliac Primary College,528.33,575.00,533.00,539.00,525.00,,,,,,557,682,531,533,572,P,P,P,P,P,A:D:C,,SA:SD:PB,GC,A:D:C,22.56,22.40,21.29,19.87,22.76,6,8,6,7,6
21221,7,AllDomains,951895034,Kelsey,Rudder,2009-10-19,7,2,4,1201,3,5,4,4,6,2,1201,1201,1201,1101,951895034,,951895034,R100000249A,,,,,7C,N,1,,N,N,,,,,,21221,Wishram Combined College,587.50,475.00,583.00,577.00,582.81,,,,,,620,728,626,569,679,P,P,P,P,P,A:B:F,,SA:SD:PD,GF,CA:D:C:E,20.89,18.19,18.72,20.79,20.40,8,5,7,7,7
21220,7,AllDomains,520369196,Angel,Tillman,2009-10-23,7,2,3,1201,3,6,4,3,5,3,1201,1201,1201,1101,520369196,,520369196,R100000201S,,,,,7C,N,1,,N,N,,,,,,21220,Unturpentined Secondary College,568.75,625.00,559.00,571.00,587.50,,,,,,620,722,638,695,713,P,P,P,P,P,A:B:E,,SA:SB:PB,GE,NC:D:E:F,22.85,21.55,18.29,20.53,21.23,7,9,7,7,8
21217,3,AllDomains,937352317,Wayne,Holmes,2009-01-02,3,1,3,1201,3,5,1,2,6,3,1201,1201,1201,1101,937352317,,937352317,R100000126A,,,,,3F,N,1,,N,N,,,,,,21217,Phyllostoma Combined College,426.54,,,429.00,422.69,,,,,,431,,425,418,484,P,,A,P,P,A:D:F,,,GF,A:B:F,18.30,,,21.10,22.60,5,,,6,5
21217,5,AllDomains,954748572,Annabelle,Smith,2009-07-13,5,2,2,2201,3,6,2,4,5,3,2201,7100,2201,1101,954748572,,954748572,R100000144D,,,,,5B,N,1,,N,N,,,,,,21217,Phyllostoma Combined College,0.0,575.00,557.00,533.00,541.67,,,,,,528,519,518,519,606,R,P,P,P,P,A:D:C,,SA:SB:PB,GC,CA:B:C,0.0,19.52,20.47,21.13,19.01,0,8,7,6,7
21217,7,AllDomains,419563912,Susana,Hatchett,2009-07-02,7,2,2,1201,2,7,3,4,8,3,1201,1201,1201,1101,419563912,,419563912,R100000134H,,,,,7E,N,2,,N,N,,,,,,21217,Phyllostoma Combined College,575.00,475.00,,583.00,,,,,,,711,652,568,574,653,P,P,E,P,A,A:D:F,,,GF,,19.35,18.13,,22.68,,7,5,,7,
21217,5,AllDomains,910440016,Gay,Park,2009-02-28,5,2,1,1201,3,8,2,1,6,4,1201,1201,1201,1101,910440016,,910440016,R100000133G,,,,,5A,N,2,,N,N,,,,,,21217,Phyllostoma Combined College,541.67,575.00,539.00,503.00,535.00,,,,,,528,519,518,519,606,P,P,P,P,P,A:B:F,,SA:SB:PD,GF,A:D:C,21.03,20.94,20.31,19.58,21.36,7,8,7,6,6
21214,5,AllDomains,384397284,Belinda,Mitten,2009-09-25,5,2,4,7100,2,7,2,1,8,4,7100,1201,2201,1101,384397284,,384397284,R100000064D,,,,,5B,N,1,,N,N,,,,,,21214,Iliac Primary College,515.00,,503.00,527.00,541.67,,,,,,557,682,531,533,572,P,E,P,P,P,A:B:F,,SA:SB:PD,GF,CA:B:C,21.43,,20.14,19.05,20.23,6,,6,6,7
21216,7,AllDomains,73385408,Eduardo,Thompson,2009-09-23,7,1,1,1201,2,6,4,2,8,2,1201,1201,1201,1101,73385408,,73385408,R100000117R,,,,,7C,N,2,,N,N,,,,,,21216,Ophthalmoplegia Combined College,575.00,475.00,589.00,,573.44,,,,,,654,746,726,644,663,P,P,P,E,P,A:D:F,,SA:SB:PD,,CA:D:C:F,21.82,21.19,18.03,,21.67,7,5,8,,7
21213,3,AllDomains,855487884,Briana,Scott,2009-04-04,3,2,3,1201,4,5,2,2,5,2,1201,1201,1201,1101,855487884,,855487884,R100000041S,,,,,3E,N,2,,N,N,,,,,,21213,Hippocentaur Primary College,391.92,,429.00,423.00,422.69,,,,,,578,,546,505,535,P,,P,P,P,A:B:C,,SA:SD:PD,GC,CA:D:E,22.90,,22.65,20.16,18.02,5,,6,5,5
21214,5,AllDomains,828739037,Terrance,Smith,2009-07-06,5,1,1,1201,2,8,1,4,5,4,1201,5203,1201,6101,828739037,,828739037,R100000070A,,,,,5C,N,1,,N,N,,,,,,21214,Iliac Primary College,528.33,,533.00,,528.33,,,,,,557,682,531,533,572,P,A,P,X,P,A:D:C,,SA:SD:PD,,NC:B:F,20.64,,19.04,,21.49,6,,6,,6
21220,7,AllDomains,554661825,Jody,Mccaffrey,2009-09-05,7,2,3,1201,3,6,1,1,6,2,1201,1201,1201,1101,554661825,,554661825,R100000208G,,,,,7F,N,1,,N,N,,,,,,21220,Unturpentined Secondary College,600.00,625.00,577.00,541.00,,,,,,,620,722,638,695,713,P,P,P,P,S,A:B:F,,SA:SB:PB,GF,A:B:C:F,22.30,18.94,21.08,18.08,,8,9,7,6,
21216,7,AllDomains,557824343,Pearl,Pulliam,2009-01-07,7,2,3,1201,1,8,3,1,7,2,1201,2201,1201,6101,557824343,,557824343,R100000110H,,,,,7B,N,1,,N,N,,,,,,21216,Ophthalmoplegia Combined College,578.12,625.00,607.00,0.00,565.62,,,,,,654,746,726,644,663,P,P,P,P,P,A:C:B,,SA:SD:PB,GB,A:D:E:F,19.30,19.01,18.35,20.40,20.23,7,9,8,0,7
21212,5,AllDomains,812451070,Susana,Hill,2009-10-18,5,2,1,1201,3,8,1,3,6,1,1201,9601,1201,1101,812451070,,812451070,R100000000K,,,,,5E,N,2,,N,N,,,,,,21212,Anticapital Primary College,538.33,575.00,,515.00,531.67,,,,,,656,637,528,584,567,P,P,X,P,P,A:B:E,,,GE,CA:D:C,20.58,21.44,,21.71,20.71,7,8,,6,6
21212,5,AllDomains,624650841,Jimmie,Williams,2009-09-05,5,1,2,1201,4,6,4,4,5,4,1201,1201,1201,1101,624650841,,624650841,R100000012P,,,,,5B,N,2,,N,N,,,,,,21212,Anticapital Primary College,525.00,575.00,539.00,0.0,518.33,,,,,,656,643,528,584,567,P,P,P,R,P,A:C:B,,SA:SB:PB,GB,CA:B:E,21.92,18.65,18.83,0.0,20.62,6,8,7,0,6
21212,3,AllDomains,925430999,Leonor,Trevino,2009-08-17,3,2,1,1201,1,5,2,1,5,2,1201,1201,1201,1101,925430999,,925430999,R100000020E,,,,,3A,N,2,,N,N,,,,,,21212,Anticapital Primary College,434.23,,411.00,0.00,403.46,,,,,,582,,416,587,509,P,,P,P,P,A:C:B,,SA:SD:PB,GB,A:D:C,21.22,,21.64,19.25,20.10,6,,5,0,5
21219,9,AllDomains,14040244,Mathew,Jennings,2009-03-20,9,1,4,1201,3,6,1,3,8,1,1201,5203,1201,1101,14040244,,14040244,R100000176E,,,,,9D,N,2,,N,N,,,,,,21219,Trotcozy Secondary College,592.50,655.00,607.00,0.00,,,,,,,767,727,748,774,608,P,P,P,P,X,A:C:B,,SA:SB:PD,GB,,22.00,22.80,19.38,20.98,,8,10,8,0,
21214,5,AllDomains,455745192,Latasha,Stewart,2009-02-01,5,2,1,9601,4,7,2,2,8,2,9601,1201,7100,1101,455745192,,455745192,R100000061R,,,,,5F,N,2,,N,N,,,,,,21214,Iliac Primary College,535.00,575.00,533.00,527.00,541.67,,,,,,557,682,531,533,572,P,P,P,P,P,A:B:E,,SA:SB:PB,GE,CA:D:E,18.78,22.31,22.46,21.51,22.07,6,8,6,6,7
21220,7,AllDomains,820681232,Willian,Phillips,2009-09-12,7,1,3,1201,2,6,4,1,6,3,1201,1201,9601,1101,820681232,,820681232,R100000219D,,,,,7A,N,2,,N,N,,,,,,21220,Unturpentined Secondary College,578.12,625.00,571.00,571.00,575.78,,,,,,620,722,638,695,713,P,P,P,P,P,A:B:E,,SA:SB:PD,GE,CA:B:C:E,22.65,20.72,19.61,18.54,20.82,7,9,7,7,7
21212,3,AllDomains,684855136,Sally,Carr,2009-08-02,3,2,1,1201,1,5,4,2,8,1,1201,1201,2201,1101,684855136,,684855136,R100000017S,,,,,3E,N,2,,N,N,,,,,,21212,Anticapital Primary College,441.92,,417.00,,418.85,,,,,,582,,416,587,509,P,,P,E,P,A:B:E,,SA:SD:PD,,CA:B:C,22.63,,21.63,,18.86,6,,5,,5
21221,7,AllDomains,360685193,Mickie,Smith,2009-10-26,7,2,1,1201,4,7,4,4,8,2,1201,1201,1201,6101,360685193,,360685193,R100000247H,,,,,7A,N,1,,N,N,,,,,,21221,Wishram Combined College,584.38,,,589.00,585.16,,,,,,620,607,626,569,679,P,E,A,P,P,A:D:C,,,GC,CA:B:C:E,21.14,,,18.15,19.06,7,,,8,7
21221,5,AllDomains,963412185,Mark,Fuquay,2009-07-11,5,1,4,1201,4,7,1,1,7,3,1201,1201,1201,1101,963412185,,963412185,R100000248P,,,,,5A,N,2,,N,N,,,,,,21221,Wishram Combined College,535.00,575.00,,503.00,,,,,,,543,500,548,579,524,P,P,X,P,E,A:D:C,,,GC,,19.35,18.82,,21.26,,6,8,,6,
21220,7,AllDomains,385371423,Anibal,Gratton,2009-12-08,7,1,1,1201,4,6,2,3,7,1,1201,1201,1201,1101,385371423,,385371423,R100000200D,,,,,7F,N,1,,N,N,,,,,,21220,Unturpentined Secondary College,571.88,,595.00,583.00,600.00,,,,,,620,660,638,695,713,P,X,P,P,P,A:B:C,,SA:SD:PB,GC,A:D:E:F,22.22,,22.89,21.37,22.29,7,,8,7,8
21217,3,AllDomains,723237700,Tracy,Pritchett,2009-09-05,3,1,4,1201,2,6,3,2,8,2,1201,1201,1201,1101,723237700,,723237700,R100000145A,,,,,3A,N,2,,N,N,,,,,,21217,Phyllostoma Combined College,426.54,,,411.00,403.46,,,,,,431,,425,418,484,P,,C,P,P,A:B:F,,,GF,NC:B:F,20.35,,,18.97,21.93,5,,,5,5
21214,5,AllDomains,72785717,Bobby,Davis,2009-01-04,5,2,2,1201,4,5,4,3,6,4,1201,1201,1201,4111,72785717,,72785717,R100000050P,,,,,5B,N,2,,N,N,,,,,,21214,Iliac Primary College,545.00,425.00,539.00,515.00,531.67,,,,,,557,535,531,533,572,P,P,P,P,P,A:D:C,,SA:SB:PB,GC,CA:B:F,21.19,21.22,21.08,19.47,18.11,7,4,7,6,6
21215,7,AllDomains,140397837,Bobbie,Welch,2009-03-06,7,2,3,1201,1,5,4,4,5,2,1201,1201,5203,1101,140397837,,140397837,R100000084S,,,,,7B,N,2,,N,N,,,,,,21215,Isovalerate Combined College,575.00,625.00,589.00,589.00,592.19,,,,,,748,611,644,694,676,P,P,P,P,P,A:D:E,,SA:SD:PB,GE,CA:D:E:F,21.32,19.92,21.14,22.65,18.72,7,9,8,8,8
21219,7,AllDomains,42576899,Vance,Burger,2009-03-21,7,1,1,1201,4,6,4,3,7,1,1201,1201,9601,1101,42576899,,42576899,R100000180K,,,,,7B,N,2,,N,N,,,,,,21219,Trotcozy Secondary College,562.50,625.00,595.00,0.00,571.09,,,,,,567,665,671,664,595,P,P,P,P,P,A:C:B,,SA:SD:PD,GB,CA:B:C:F,22.65,22.18,19.92,21.58,19.24,7,9,8,0,7
21219,7,AllDomains,730559528,Tina,Silva,2009-07-10,7,2,3,1201,2,8,1,1,8,1,1201,1201,1201,2100,730559528,,730559528,R100000186H,,,,,7A,N,1,,N,N,,,,,,21219,Trotcozy Secondary College,590.62,625.00,0.0,,571.88,,,,,,567,665,671,664,595,P,P,R,S,P,A:D:C,,SA:SB:PB,GC,A:D:E:F,19.85,20.71,0.0,,20.66,8,9,0,,7
21218,9,AllDomains,213949532,Melonie,Greenbaum,2009-06-13,9,2,2,1201,2,8,1,3,5,3,1201,5203,7100,1101,213949532,,213949532,R100000155R,,,,,9E,N,2,,N,N,,,,,,21218,Redistrainer Secondary College,,655.00,613.00,613.00,617.50,,,,,,644,671,612,651,724,S,P,P,P,P,A:B:F,,SA:SD:PD,GF,CA:B:C:F,,18.03,19.34,22.52,22.09,,10,8,8,9
21212,5,AllDomains,624504082,Nona,Martin,2009-06-09,5,2,3,1201,4,8,1,1,7,3,1201,1201,7100,1101,624504082,,624504082,R100000023R,,,,,5E,N,2,,N,N,,,,,,21212,Anticapital Primary College,518.33,575.00,533.00,527.00,525.00,,,,,,656,637,528,584,567,P,P,P,P,P,A:B:C,,SA:SB:PD,GC,A:D:E,19.13,20.15,21.46,19.72,21.36,6,8,6,6,6
21220,7,AllDomains,422061162,Melonie,Harris,2009-12-05,7,2,3,1201,2,8,1,3,5,3,1201,1201,5203,1101,422061162,,422061162,R100000221R,,,,,7E,N,2,,N,N,,,,,,21220,Unturpentined Secondary College,600.00,625.00,595.00,,575.00,,,,,,620,722,638,695,713,P,P,P,C,P,A:D:E,,SA:SD:PB,,A:D:E:F,18.87,20.92,18.98,,18.44,8,9,8,,7
21213,3,AllDomains,897587571,Brigitte,Casey,2009-12-20,3,2,4,1201,1,5,3,4,7,1,1201,1201,1201,1101,897587571,,897587571,R100000025H,,,,,3C,N,1,,N,N,,,,,,21213,Hippocentaur Primary College,434.23,,429.00,399.00,418.85,,,,,,578,,546,505,535,P,,P,P,P,A:D:F,,SA:SD:PB,GF,A:B:E,21.01,,21.44,19.62,20.36,6,,6,5,5
21220,7,AllDomains,153282012,Cora,Cooley,2009-05-08,7,2,4,1201,2,7,1,3,6,1,1201,9601,1201,1101,153282012,,153282012,R100000214H,,,,,7E,N,1,,N,N,,,,,,21220,Unturpentined Secondary College,584.38,625.00,565.00,0.00,578.12,,,,,,620,722,638,695,713,P,P,P,P,P,A:C:B,,SA:SB:PD,GB,CA:D:C:E,22.85,20.63,21.76,18.17,18.86,7,9,7,0,7
21213,5,AllDomains,664875159,Laura,Million,2009-04-21,5,2,3,1201,2,5,2,1,6,3,1201,1201,1201,1101,664875159,,664875159,R100000029G,,,,,5F,N,1,,N,N,,,,,,21213,Hippocentaur Primary College,538.33,575.00,533.00,539.00,528.33,,,,,,645,646,695,586,547,P,P,P,P,P,A:D:F,,SA:SD:PB,GF,CA:D:E,22.73,18.47,18.69,20.01,18.02,7,8,6,7,6
21221,7,AllDomains,824066061,Danna,Brandl,2009-08-19,7,2,2,1201,3,5,3,2,5,4,1201,1201,1201,1101,824066061,,824066061,R100000237E,,,,,7C,N,2,,N,N,,,,,,21221,Wishram Combined College,,475.00,583.00,0.00,573.44,,,,,,620,607,626,569,679,A,P,P,P,P,,,SA:SD:PB,G,NC:D:E:F,,22.77,18.21,21.03,19.76,,5,7,0,7
21213,3,AllDomains,368200198,Amelia,Arroyo,2009-02-14,3,2,4,1201,1,6,1,3,7,1,1201,1201,1201,1101,368200198,,368200198,R100000032A,,,,,3E,N,1,,N,N,,,,,,21213,Hippocentaur Primary College,,,435.00,,434.23,,,,,,578,,546,505,535,S,,P,S,P,A:B:F,,SA:SD:PB,GF,A:B:F,,,18.44,,18.59,,,6,,6
21213,3,AllDomains,118803037,Bryan,Browder,2009-09-05,3,1,4,1201,4,5,2,1,8,3,1201,1201,1201,1101,118803037,,118803037,R100000033M,,,,,3F,N,1,,N,N,,,,,,21213,Hippocentaur Primary College,415.00,,429.00,411.00,422.69,,,,,,578,,546,505,535,P,,P,P,P,A:B:C,,SA:SD:PB,GC,CA:D:E,22.71,,19.25,18.18,20.36,5,,6,5,5
21215,5,AllDomains,117672957,Glenn,Spangler,2009-06-05,5,1,3,1201,2,8,4,2,5,1,1201,1201,1201,1101,117672957,,117672957,R100000079S,,,,,5C,N,1,,N,N,,,,,,21215,Isovalerate Combined College,535.00,575.00,515.00,533.00,518.33,,,,,,574,539,586,650,682,P,P,P,P,P,A:B:F,,SA:SD:PD,GF,CA:D:C,19.85,20.85,20.06,22.53,21.84,6,8,6,6,6
21217,7,AllDomains,443441432,Adrian,Hatchett,2009-11-20,7,1,3,1201,4,5,3,2,7,2,1201,1201,1201,1101,443441432,,443441432,R100000141R,,,,,7B,N,2,,N,N,,,,,,21217,Phyllostoma Combined College,584.38,625.00,583.00,571.00,578.12,,,,,,711,618,568,574,653,P,P,P,P,P,A:D:C,,SA:SD:PB,GC,CA:B:C:E,20.14,18.96,22.08,20.40,18.14,7,9,7,7,7
21217,7,AllDomains,750413097,Tisha,Lloyd,2009-10-15,7,2,1,2201,3,7,3,2,6,1,2201,1201,1201,4111,750413097,,750413097,R100000130P,,,,,7A,N,2,,N,N,,,,,,21217,Phyllostoma Combined College,593.75,625.00,589.00,0.0,571.88,,,,,,711,652,568,574,653,P,P,P,R,P,A:B:E,,SA:SB:PD,GE,A:D:C:F,18.86,22.68,21.71,0.0,19.08,8,9,8,0,7
21221,5,AllDomains,847017452,Johnathan,Dallas,2009-02-03,5,1,2,1201,3,5,2,3,6,3,1201,7100,1201,1101,847017452,,847017452,R100000244S,,,,,5F,N,1,,N,N,,,,,,21221,Wishram Combined College,538.33,425.00,,0.00,531.67,,,,,,543,500,548,579,524,P,P,E,P,P,A:C:B,,,GB,CA:D:C,19.38,22.54,,22.98,21.05,7,4,,0,6
21218,9,AllDomains,3596939,Audry,Kummer,2009-12-18,9,2,2,7100,4,5,2,4,8,3,7100,5203,1201,1101,3596939,,3596939,R100000152G,,,,,9A,N,2,,N,N,,,,,,21218,Redistrainer Secondary College,614.38,505.00,601.00,601.00,608.12,,,,,,644,745,612,651,724,P,P,P,P,P,A:B:C,,SA:SD:PD,GC,A:B:E:F,19.55,18.42,20.59,22.16,21.96,8,6,8,8,8
21218,7,AllDomains,838740156,Nathan,Countess,2009-09-12,7,1,1,1201,2,6,1,2,5,1,1201,2201,1201,1101,838740156,,838740156,R100000154P,,,,,7B,N,1,,N,N,,,,,,21218,Redistrainer Secondary College,562.50,625.00,583.00,583.00,578.12,,,,,,745,730,717,699,550,P,P,P,P,P,A:B:C,,SA:SB:PD,GC,A:B:E:F,19.56,22.62,18.17,18.01,20.40,7,9,7,7,7
21214,3,AllDomains,502150920,Adam,Fitts,2009-12-20,3,1,4,1201,2,7,2,3,5,4,1201,5203,1201,1101,502150920,,502150920,R100000055S,,,,,3A,N,1,,N,N,,,,,,21214,Iliac Primary College,407.31,,,411.00,426.54,,,,,,517,,551,433,559,P,,A,P,P,A:B:F,,,GF,A:B:F,20.56,,,22.62,19.65,5,,,5,5
21218,9,AllDomains,790764867,Annabelle,Howard,2009-05-10,9,2,3,1201,2,5,2,2,6,1,1201,1201,1201,2100,790764867,,790764867,R100000165M,,,,,9E,N,1,,N,N,,,,,,21218,Redistrainer Secondary College,620.62,,619.00,0.00,608.12,,,,,,644,671,612,651,724,P,S,P,P,P,A:C:B,,SA:SB:PB,GB,CA:B:C:E,21.42,,21.12,20.96,20.20,9,,9,0,8
21216,5,AllDomains,405246056,Luetta,Harrison,2009-12-03,5,2,3,1201,4,6,4,2,8,1,1201,1201,1201,6101,405246056,,405246056,R100000120D,,,,,5D,N,2,,N,N,,,,,,21216,Ophthalmoplegia Combined College,,,,521.00,525.00,,,,,,698,622,696,515,604,S,X,W,P,P,A:B:F,,,GF,A:B:E,,,,21.19,22.21,,,,6,6
21220,9,AllDomains,881111799,Kimberly,Rayl,2009-02-08,9,2,4,1201,4,5,1,2,7,1,1201,1201,1201,1101,881111799,,881111799,R100000223E,,,,,9A,N,1,,N,N,,,,,,21220,Unturpentined Secondary College,598.75,505.00,607.00,595.00,601.09,,,,,,759,721,655,617,662,P,P,P,P,P,A:B:E,,SA:SB:PB,GE,NC:B:E:F,18.84,20.89,20.33,19.59,20.53,8,6,8,8,8
21216,7,AllDomains,332886320,Courtney,Harper,2009-08-01,7,2,4,1201,4,7,3,4,7,3,1201,1201,1201,3307,332886320,,332886320,R100000124E,,,,,7C,N,1,,N,N,,,,,,21216,Ophthalmoplegia Combined College,568.75,625.00,595.00,583.00,590.62,,,,,,654,721,726,644,663,P,P,P,P,P,A:B:E,,SA:SD:PD,GE,A:D:C:E,19.49,22.34,18.87,20.77,18.75,7,9,8,7,8
21219,9,AllDomains,123271330,Jasper,Manders,2009-02-25,9,1,2,1201,1,6,4,4,6,4,1201,1201,1201,1101,123271330,,123271330,R100000181E,,,,,9E,N,1,,N,N,,,,,,21219,Trotcozy Secondary College,623.75,,,631.00,622.19,,,,,,767,727,748,774,608,P,W,S,P,P,A:B:E,,SA:SD:PB,GE,CA:D:C:F,21.06,,,20.36,19.99,9,,,9,9
21213,3,AllDomains,693417314,Reiko,Condon,2009-11-02,3,2,1,2201,3,6,2,1,8,3,2201,1201,1201,1101,693417314,,693417314,R100000039E,,,,,3A,N,2,,N,N,,,,,,21213,Hippocentaur Primary College,,,405.00,0.00,391.92,,,,,,578,,546,505,535,X,,P,P,P,,,SA:SD:PD,G,NC:D:F,,,22.22,22.14,19.58,,,5,0,5
21216,9,AllDomains,173885081,Gilbert,Roderick,2009-11-25,9,1,1,1201,3,8,4,4,8,3,1201,1201,1201,3307,173885081,,173885081,R100000104K,,,,,9F,N,2,,N,N,,,,,,21216,Ophthalmoplegia Combined College,620.62,655.00,601.00,619.00,612.81,,,,,,762,687,706,764,752,P,P,P,P,P,A:B:C,,SA:SB:PD,GC,NC:D:E:F,21.95,18.60,20.98,18.90,18.36,9,10,8,9,8
21218,9,AllDomains,215533833,Clay,Hedstrom,2009-05-09,9,1,3,7100,4,6,2,4,8,4,7100,1201,1201,2100,215533833,,215533833,R100000164S,,,,,9A,N,1,,N,N,,,,,,21218,Redistrainer Secondary College,608.12,655.00,619.00,607.00,611.25,,,,,,644,745,612,651,724,P,P,P,P,P,A:D:E,,SA:SD:PD,GE,A:D:E:F,19.21,20.54,18.49,22.87,19.95,8,10,9,8,8
21219,9,AllDomains,639404255,Wilton,Mcbride,2009-12-11,9,1,4,1201,2,7,3,4,7,3,1201,1201,1201,1101,639404255,,639404255,R100000189M,,,,,9B,N,2,,N,N,,,,,,21219,Trotcozy Secondary College,608.12,655.00,595.00,631.00,608.12,,,,,,767,689,748,774,608,P,P,P,P,P,A:B:E,,SA:SB:PB,GE,A:D:C:E,21.45,22.80,19.11,22.87,18.13,8,10,8,9,8
21218,9,AllDomains,519386903,Ryan,Messer,2009-07-06,9,1,2,9601,1,7,3,2,7,3,9601,1201,1201,1101,519386903,,519386903,R100000159S,,,,,9B,N,1,,N,N,,,,,,21218,Redistrainer Secondary College,601.88,505.00,619.00,619.00,608.12,,,,,,644,671,612,651,724,P,P,P,P,P,A:D:C,,SA:SD:PD,GC,A:D:C:E,19.51,18.00,18.56,21.12,20.17,8,6,9,9,8
21219,9,AllDomains,191846225,Ervin,Yamada,2009-11-24,9,1,2,1201,3,7,1,1,7,2,1201,1201,1201,6101,191846225,,191846225,R100000196D,,,,,9F,N,2,,N,N,,,,,,21219,Trotcozy Secondary College,608.12,655.00,,619.00,610.47,,,,,,767,689,748,774,608,P,P,W,P,P,A:B:F,,,GF,NC:D:C:E,22.14,19.58,,20.29,18.33,8,10,,9,8
21216,5,AllDomains,938696651,Geralyn,Willett,2009-04-06,5,2,4,1201,1,5,1,3,6,2,1201,1201,1201,1101,938696651,,938696651,R100000103R,,,,,5E,N,2,,N,N,,,,,,21216,Ophthalmoplegia Combined College,528.33,425.00,527.00,533.00,535.00,,,,,,698,622,696,515,604,P,P,P,P,P,A:D:C,,SA:SB:PB,GC,CA:D:E,22.13,22.14,18.24,18.01,21.94,6,4,6,6,6
21212,5,AllDomains,636164925,Beth,Cooper,2009-02-21,5,2,4,1201,2,5,4,2,8,4,1201,9601,2201,1101,636164925,,636164925,R100000022S,,,,,5F,N,1,,N,N,,,,,,21212,Anticapital Primary College,528.33,425.00,527.00,545.00,,,,,,,656,643,528,584,567,P,P,P,P,E,A:D:C,,SA:SD:PB,GC,,22.29,19.21,21.70,20.59,,6,4,6,7,
21216,7,AllDomains,61996937,Roosevelt,Raap,2009-09-01,7,1,1,1201,2,7,3,2,7,1,1201,1201,1201,1101,61996937,,61996937,R100000118K,,,,,7F,N,2,,N,N,,,,,,21216,Ophthalmoplegia Combined College,,475.00,595.00,0.00,578.12,,,,,,654,721,726,644,663,X,P,P,P,P,,,SA:SB:PD,G,A:B:E:F,,22.34,22.15,18.27,22.43,,5,8,0,7
21219,7,AllDomains,208115536,Marge,Richardson,2009-08-11,7,2,4,9601,3,6,2,1,7,1,9601,1201,1201,6101,208115536,,208115536,R100000182D,,,,,7F,N,2,,N,N,,,,,,21219,Trotcozy Secondary College,,625.00,583.00,0.00,,,,,,,567,599,671,664,595,E,P,P,P,E,,,SA:SD:PD,G,,,20.72,18.93,19.51,,,9,7,0,
21213,5,AllDomains,442186590,Felipe,Williams,2009-11-05,5,1,1,1201,1,6,2,1,7,4,1201,1201,1201,1101,442186590,,442186590,R100000046A,,,,,5D,N,1,,N,N,,,,,,21213,Hippocentaur Primary College,531.67,425.00,533.00,,528.33,,,,,,645,646,695,586,547,P,P,P,W,P,A:C:B,,SA:SD:PD,,NC:B:F,20.86,21.69,18.68,,22.66,6,4,6,,6
21215,7,AllDomains,98968203,Samuel,Carpenter,2009-09-08,7,1,4,1201,3,6,4,3,5,4,1201,1201,1201,1101,98968203,,98968203,R100000097D,,,,,7F,N,1,,N,N,,,,,,21215,Isovalerate Combined College,581.25,625.00,577.00,565.00,,,,,,,748,611,644,694,676,P,P,P,P,X,A:B:C,,SA:SD:PB,GC,,19.41,18.62,21.09,20.07,,7,9,7,7,
21212,5,AllDomains,480454001,Boyce,Ferguson,2009-02-02,5,1,1,7100,2,7,3,1,6,2,7100,1201,7100,1101,480454001,,480454001,R100000003S,,,,,5D,N,1,,N,N,,,,,,21212,Anticapital Primary College,531.67,575.00,551.00,521.00,,,,,,,656,643,528,584,567,P,P,P,P,E,A:D:F,,SA:SD:PD,GF,,19.37,22.37,19.59,19.20,,6,8,7,6,
21217,3,AllDomains,451780512,Geraldine,Whitaker,2009-05-25,3,2,2,1201,2,6,4,3,7,4,1201,1201,5203,1101,451780512,,451780512,R100000149P,,,,,3F,N,2,,N,N,,,,,,21217,Phyllostoma Combined College,418.85,,423.00,0.00,415.00,,,,,,431,,425,418,484,P,,P,P,P,A:C:B,,SA:SD:PB,GB,NC:D:E,20.91,,22.03,22.10,18.71,5,,5,0,5
21216,9,AllDomains,280606363,Jess,Lee,2009-04-21,9,1,2,1201,2,5,2,2,5,2,1201,7100,1201,1101,280606363,,280606363,R100000101D,,,,,9D,N,1,,N,N,,,,,,21216,Ophthalmoplegia Combined College,620.62,505.00,607.00,,595.62,,,,,,762,744,706,764,752,P,P,P,X,P,A:B:E,,SA:SB:PB,,A:D:C:E,21.44,20.18,20.70,,18.99,9,6,8,,8
21216,9,AllDomains,913745090,Mack,Terrell,2009-05-02,9,1,4,1201,1,5,3,1,7,2,1201,1201,1201,1101,913745090,,913745090,R100000100E,,,,,9E,N,2,,N,N,,,,,,21216,Ophthalmoplegia Combined College,611.25,655.00,,,614.38,,,,,,762,687,706,764,752,P,P,A,A,P,A:D:F,,,,A:D:C:E,19.13,21.91,,,19.65,8,10,,,8
21213,3,AllDomains,588674056,Roy,Gross,2009-06-06,3,1,3,1201,4,8,3,2,5,1,1201,1201,9601,1101,588674056,,588674056,R100000043K,,,,,3B,N,1,,N,N,,,,,,21213,Hippocentaur Primary College,422.69,,435.00,417.00,0.0,,,,,,578,,546,505,535,P,,P,P,R,A:B:E,,SA:SD:PD,GE,CA:D:C,19.40,,19.12,19.15,0.0,5,,6,5,0
21214,3,AllDomains,816387482,Shannon,Alvarez,2009-07-25,3,2,3,1201,2,8,1,3,8,4,1201,1201,1201,1101,816387482,,816387482,R100000063E,,,,,3D,N,2,,N,N,,,,,,21214,Iliac Primary College,411.15,,417.00,423.00,,,,,,,517,,551,433,559,P,,P,P,C,A:D:F,,SA:SB:PD,GF,,20.87,,19.65,19.59,,5,,5,5,
21216,5,AllDomains,596726414,Ronnie,Leblanc,2009-07-18,5,1,1,1201,4,5,3,4,8,4,1201,5203,1201,1101,596726414,,596726414,R100000102S,,,,,5A,N,1,,N,N,,,,,,21216,Ophthalmoplegia Combined College,535.00,425.00,539.00,539.00,531.67,,,,,,698,570,696,515,604,P,P,P,P,P,A:B:F,,SA:SD:PB,GF,A:D:C,22.55,19.75,20.06,18.49,19.28,6,4,7,7,6
21214,3,AllDomains,677320433,James,Ashby,2009-05-05,3,1,4,1201,1,8,3,3,6,4,1201,1201,1201,1101,677320433,,677320433,R100000056R,,,,,3A,N,2,,N,N,,,,,,21214,Iliac Primary College,415.00,,,429.00,,,,,,,517,,551,433,559,P,,E,P,E,A:D:E,,,GE,,18.16,,,19.51,,5,,,6,
21219,7,AllDomains,19038510,Rudy,Patton,2009-03-27,7,1,2,1201,1,6,1,2,8,2,1201,2201,1201,1101,19038510,,19038510,R100000177D,,,,,7A,N,1,,N,N,,,,,,21219,Trotcozy Secondary College,581.25,625.00,577.00,577.00,580.47,,,,,,567,665,671,664,595,P,P,P,P,P,A:B:F,,SA:SD:PB,GF,CA:D:C:E,18.14,21.23,22.93,18.91,22.91,7,9,7,7,7
21215,3,AllDomains,456292396,Laurie,Harder,2009-04-22,3,2,1,1201,4,6,3,3,8,2,1201,1201,1201,1101,456292396,,456292396,R100000093P,,,,,3C,N,1,,N,N,,,,,,21215,Isovalerate Combined College,,,435.00,0.00,407.31,,,,,,424,,498,515,410,E,,P,P,P,,,SA:SD:PB,G,A:B:E,,,22.56,20.28,19.73,,,6,0,5
21219,9,AllDomains,739477588,Anita,Guardado,2009-10-04,9,2,2,1201,4,6,2,2,7,4,1201,1201,1201,1101,739477588,,739477588,R100000188A,,,,,9B,N,2,,N,N,,,,,,21219,Trotcozy Secondary College,598.75,505.00,625.00,619.00,612.81,,,,,,767,727,748,774,608,P,P,P,P,P,A:B:F,,SA:SD:PB,GF,NC:B:C:F,22.86,18.01,18.82,18.28,20.63,8,6,9,9,8
21218,7,AllDomains,827601145,Roger,Gallagher,2009-08-17,7,1,3,1201,3,7,4,1,7,3,1201,1201,1201,1101,827601145,,827601145,R100000170M,,,,,7C,N,2,,N,N,,,,,,21218,Redistrainer Secondary College,0.0,475.00,565.00,571.00,575.00,,,,,,745,706,717,699,550,R,P,P,P,P,A:D:C,,SA:SD:PB,GC,A:D:E:F,0.0,18.15,22.94,18.38,20.74,0,5,7,7,7
21215,7,AllDomains,787768836,Elsie,Cooper,2009-08-04,7,2,2,1201,3,5,1,2,5,2,1201,1201,1201,1101,787768836,,787768836,R100000090M,,,,,7F,N,1,,N,N,,,,,,21215,Isovalerate Combined College,587.50,,,0.00,599.22,,,,,,748,632,644,694,676,P,A,X,P,P,A:C:B,,,GB,NC:D:C:E,20.40,,,21.60,20.09,8,,,0,8
21221,7,AllDomains,311818401,Damaris,Hester,2009-12-27,7,2,3,1201,3,5,3,1,5,1,1201,1201,7100,1101,311818401,,311818401,R100000241K,,,,,7B,N,2,,N,N,,,,,,21221,Wishram Combined College,575.00,,583.00,595.00,580.47,,,,,,620,728,626,569,679,P,X,P,P,P,A:D:C,,SA:SB:PB,GC,NC:D:C:F,20.77,,18.57,20.17,20.69,7,,7,8,7
21221,9,AllDomains,674837975,Mathew,Harder,2009-05-11,9,1,2,1201,2,6,4,1,6,4,1201,1201,1201,3307,674837975,,674837975,R100000230A,,,,,9D,N,1,,N,N,,,,,,21221,Wishram Combined College,633.12,655.00,613.00,625.00,615.16,,,,,,708,705,680,634,775,P,P,P,P,P,A:D:F,,SA:SD:PD,GF,NC:B:E:F,22.11,20.13,22.40,19.40,19.06,9,10,8,9,8
21219,7,AllDomains,914850904,Damaris,Garcia,2009-10-19,7,2,1,1201,1,8,4,2,7,2,1201,7100,1201,1101,914850904,,914850904,R100000184R,,,,,7F,N,2,,N,N,,,,,,21219,Trotcozy Secondary College,571.88,475.00,583.00,553.00,592.19,,,,,,567,665,671,664,595,P,P,P,P,P,A:D:E,,SA:SB:PB,GE,CA:D:E:F,20.81,22.74,18.21,22.19,22.46,7,5,7,7,8
21212,3,AllDomains,6376495,Megan,Ramey,2009-07-12,3,2,2,1201,2,7,3,4,7,3,1201,1201,9601,1101,6376495,,6376495,R100000007P,,,,,3D,N,1,,N,N,,,,,,21212,Anticapital Primary College,,,423.00,0.00,,,,,,,582,,416,587,509,E,,P,P,S,,,SA:SD:PB,G,CA:D:E,,,22.14,21.05,,,,5,0,
21218,7,AllDomains,800854531,Clark,Freeman,2009-05-20,7,1,2,1201,4,7,3,4,5,1,1201,7100,5203,1101,800854531,,800854531,R100000168P,,,,,7B,N,2,,N,N,,,,,,21218,Redistrainer Secondary College,,625.00,577.00,0.00,578.12,,,,,,745,706,717,699,550,E,P,P,P,P,,,SA:SB:PD,G,A:B:E:F,,19.72,21.54,22.63,22.32,,9,7,0,7
21213,5,AllDomains,476393126,Felipe,Barnes,2009-10-16,5,1,2,1201,3,7,3,2,5,1,1201,1201,1201,1101,476393126,,476393126,R100000036S,,,,,5F,N,2,,N,N,,,,,,21213,Hippocentaur Primary College,541.67,575.00,,0.00,558.33,,,,,,645,646,695,586,547,P,P,C,P,P,A:C:B,,,GB,A:B:F,19.50,19.62,,20.61,19.12,7,8,,0,7
21218,9,AllDomains,594802339,Josefina,Rivera,2009-06-17,9,2,1,1201,4,5,2,4,8,2,1201,1201,1201,1101,594802339,,594802339,R100000153H,,,,,9C,N,2,,N,N,,,,,,21218,Redistrainer Secondary College,623.75,,,595.00,612.81,,,,,,644,671,612,651,724,P,S,C,P,P,A:B:E,,,GE,NC:B:C:F,19.60,,,21.47,21.90,9,,,8,8
21220,7,AllDomains,76122982,Leo,Ivey,2009-12-21,7,1,3,1201,4,6,1,3,5,3,1201,1201,5203,1101,76122982,,76122982,R100000220S,,,,,7B,N,2,,N,N,,,,,,21220,Unturpentined Secondary College,,625.00,571.00,0.0,,,,,,,620,722,638,695,713,W,P,P,R,S,,,SA:SB:PD,G,CA:B:C:F,,20.06,21.41,0.0,,,9,7,0,
21217,9,AllDomains,933615096,Harrison,Taylor,2009-10-01,9,1,1,1201,3,6,4,1,7,2,1201,1201,1201,1101,933615096,,933615096,R100000131A,,,,,9A,N,2,,N,N,,,,,,21217,Phyllostoma Combined College,,655.00,619.00,0.00,615.16,,,,,,675,688,731,694,665,E,P,P,P,P,,,SA:SD:PB,G,CA:D:C:E,,21.33,21.22,22.23,19.05,,10,9,0,8
21218,9,AllDomains,635834741,Irma,Lewis,2009-06-04,9,2,2,1201,2,7,2,2,6,4,1201,1201,1201,1101,635834741,,635834741,R100000167H,,,,,9C,N,2,,N,N,,,,,,21218,Redistrainer Secondary College,611.25,655.00,631.00,601.00,611.25,,,,,,644,671,612,651,724,P,P,P,P,P,A:B:E,,SA:SB:PB,GE,A:B:C:E,19.80,22.85,21.37,21.17,20.84,8,10,9,8,8
21218,7,AllDomains,884015462,Louie,Fitts,2009-04-23,7,1,3,1201,4,7,4,3,7,4,1201,1201,1201,1101,884015462,,884015462,R100000158D,,,,,7F,N,1,,N,N,,,,,,21218,Redistrainer Secondary College,568.75,475.00,565.00,559.00,575.78,,,,,,745,730,717,699,550,P,P,P,P,P,A:D:F,,SA:SD:PB,GF,CA:B:C:E,18.96,19.14,21.79,18.60,22.32,7,5,7,7,7
21217,7,AllDomains,58516237,Allison,Warren,2009-03-17,7,2,2,1201,1,8,1,4,7,3,1201,7100,1201,1101,58516237,,58516237,R100000139D,,,,,7A,N,2,,N,N,,,,,,21217,Phyllostoma Combined College,562.50,475.00,571.00,577.00,573.44,,,,,,711,618,568,574,653,P,P,P,P,P,A:B:F,,SA:SB:PD,GF,NC:D:C:F,20.63,19.94,19.94,21.64,19.63,7,5,7,7,7
21221,5,AllDomains,184642155,Randal,Collins,2009-01-11,5,1,1,9601,4,8,4,1,5,1,9601,7100,1201,2100,184642155,,184642155,R100000246G,,,,,5B,N,2,,N,N,,,,,,21221,Wishram Combined College,528.33,425.00,533.00,527.00,528.33,,,,,,543,560,548,579,524,P,P,P,P,P,A:D:F,,SA:SB:PD,GF,CA:B:E,19.93,19.46,21.33,22.01,20.73,6,4,6,6,6
21217,3,AllDomains,607167295,Delores,Wilcox,2009-08-23,3,2,2,1201,3,7,1,4,5,2,1201,1201,1201,1101,607167295,,607167295,R100000143E,,,,,3B,N,1,,N,N,,,,,,21217,Phyllostoma Combined College,407.31,,423.00,,422.69,,,,,,431,,425,418,484,P,,P,A,P,A:D:C,,SA:SD:PD,,A:D:E,18.11,,21.26,,21.51,5,,5,,5
21219,7,AllDomains,921262205,Preston,Mork,2009-11-22,7,1,2,1201,3,6,2,4,7,1,1201,7100,1201,1101,921262205,,921262205,R100000178S,,,,,7C,N,1,,N,N,,,,,,21219,Trotcozy Secondary College,575.00,625.00,589.00,583.00,600.00,,,,,,567,665,671,664,595,P,P,P,P,P,A:D:C,,SA:SB:PB,GC,A:D:C:E,20.74,19.52,22.24,22.70,18.62,7,9,8,7,8
21221,3,AllDomains,954343075,Kate,Brandl,2009-10-22,3,2,1,1201,1,5,3,1,7,1,1201,2201,2201,4111,954343075,,954343075,R100000225A,,,,,3B,N,2,,N,N,,,,,,21221,Wishram Combined College,411.15,,423.00,423.00,430.38,,,,,,493,,586,565,399,P,,P,P,P,A:D:F,,SA:SD:PD,GF,CA:D:E,21.07,,18.65,21.77,20.65,5,,5,5,6
21216,3,AllDomains,874961867,Jamie,Frederick,2009-03-23,3,1,1,1201,3,6,4,2,8,2,1201,1201,1201,1101,874961867,,874961867,R100000112A,,,,,3B,N,1,,N,N,,,,,,21216,Ophthalmoplegia Combined College,403.46,,,429.00,411.15,,,,,,510,,392,414,555,P,,W,P,P,A:D:E,,,GE,NC:D:F,21.13,,,19.61,22.24,5,,,6,5
21217,7,AllDomains,747785155,Phyllis,Valverde,2009-03-26,7,2,1,1201,3,5,2,3,6,3,1201,1201,1201,6101,747785155,,747785155,R100000137K,,,,,7D,N,2,,N,N,,,,,,21217,Phyllostoma Combined College,578.12,475.00,595.00,601.00,580.47,,,,,,711,618,568,574,653,P,P,P,P,P,A:D:E,,SA:SB:PB,GE,CA:B:C:E,22.82,18.45,22.70,22.55,21.76,7,5,8,8,7
21213,3,AllDomains,997556953,Miranda,Taylor,2009-04-13,3,2,3,1201,1,7,4,2,5,2,1201,7100,1201,1101,997556953,,997556953,R100000026P,,,,,3A,N,1,,N,N,,,,,,21213,Hippocentaur Primary College,422.69,,435.00,0.00,411.15,,,,,,578,,546,505,535,P,,P,P,P,A:C:B,,SA:SB:PB,GB,A:B:C,19.04,,20.22,22.40,22.25,5,,6,0,5
21218,9,AllDomains,234302325,Eunice,Williams,2009-01-19,9,2,3,1201,2,7,3,3,8,4,1201,1201,1201,1101,234302325,,234302325,R100000173P,,,,,9A,N,1,,N,N,,,,,,21218,Redistrainer Secondary College,605.00,655.00,607.00,613.00,,,,,,,644,745,612,651,724,P,P,P,P,S,A:D:E,,SA:SD:PD,GE,A:B:C:F,18.96,22.44,18.53,22.62,,8,10,8,8,
21216,7,AllDomains,107747224,Charlie,Bailey,2009-02-13,7,2,3,1201,1,5,2,3,7,3,1201,1201,1201,4111,107747224,,107747224,R100000119E,,,,,7E,N,1,,N,N,,,,,,21216,Ophthalmoplegia Combined College,568.75,475.00,601.00,541.00,575.78,,,,,,654,721,726,644,663,P,P,P,P,P,A:D:C,,SA:SB:PD,GC,CA:D:E:F,21.48,21.63,21.44,18.20,18.16,7,5,8,6,7
21215,9,AllDomains,208130465,Karl,Ventimiglia,2009-01-19,9,1,4,1201,3,7,2,3,8,2,1201,2201,7100,1101,208130465,,208130465,R100000085M,,,,,9C,N,2,,N,N,,,,,,21215,Isovalerate Combined College,614.38,505.00,625.00,631.00,610.47,,,,,,649,723,618,745,596,P,P,P,P,P,A:B:C,,SA:SD:PB,GC,CA:B:E:F,20.77,19.62,20.44,18.42,18.96,8,6,9,9,8
21213,5,AllDomains,745864299,Louie,Perkins,2009-02-07,5,1,4,1201,1,5,1,1,5,4,1201,1201,1201,1101,745864299,,745864299,R100000049H,,,,,5A,N,1,,N,N,,,,,,21213,Hippocentaur Primary College,531.67,575.00,509.00,0.00,,,,,,,645,646,695,586,547,P,P,P,P,E,A:C:B,,SA:SB:PD,GB,,18.14,22.72,20.38,18.37,,6,8,6,0,
21214,5,AllDomains,971054274,Ashley,Gordon,2009-11-23,5,2,3,1201,3,7,2,1,8,3,1201,1201,1201,1101,971054274,,971054274,R100000065A,,,,,5E,N,2,,N,N,,,,,,21214,Iliac Primary College,528.33,,,503.00,528.33,,,,,,557,682,531,533,572,P,X,X,P,P,A:B:E,,,GE,NC:B:E,18.79,,,22.48,20.10,6,,,6,6
21218,9,AllDomains,964692628,Rex,Dye,2009-03-16,9,1,1,1201,3,8,3,3,8,1,1201,9601,1201,1101,964692628,,964692628,R100000161K,,,,,9F,N,2,,N,N,,,,,,21218,Redistrainer Secondary College,601.88,655.00,601.00,601.00,601.09,,,,,,644,671,612,651,724,P,P,P,P,P,A:B:C,,SA:SD:PB,GC,NC:B:E:F,20.82,22.76,19.30,20.71,19.86,8,10,8,8,8
21220,9,AllDomains,499366569,Charity,Plyler,2009-06-26,9,2,4,1201,4,7,4,4,8,4,1201,1201,1201,1101,499366569,,499366569,R100000213G,,,,,9C,N,2,,N,N,,,,,,21220,Unturpentined Secondary College,614.38,655.00,625.00,595.00,598.75,,,,,,759,744,655,617,662,P,P,P,P,P,A:D:E,,SA:SD:PD,GE,CA:B:C:E,18.41,21.25,21.76,22.11,19.80,8,10,9,8,8
21220,9,AllDomains,207247806,Tony,Cooley,2009-09-03,9,1,4,1201,1,8,1,2,7,3,1201,1201,7100,1101,207247806,,207247806,R100000204E,,,,,9C,N,1,,N,N,,,,,,21220,Unturpentined Secondary College,626.88,655.00,631.00,619.00,622.19,,,,,,759,744,655,617,662,P,P,P,P,P,A:D:C,,SA:SD:PB,GC,NC:B:C:F,22.34,19.51,20.77,20.08,22.21,9,10,9,9,9
21216,5,AllDomains,192085491,Julia,Story,2009-01-13,5,2,1,1201,4,8,1,4,6,2,1201,9601,1201,1101,192085491,,192085491,R100000122R,,,,,5B,N,1,,N,N,,,,,,21216,Ophthalmoplegia Combined College,545.00,425.00,,0.0,545.00,,,,,,698,622,696,515,604,P,P,S,R,P,A:B:C,,SA:SB:PB,GC,NC:D:E,19.74,22.98,,0.0,20.73,7,4,,0,7
21213,3,AllDomains,936770252,Geri,Israel,2009-07-19,3,2,1,1201,1,7,1,4,5,2,1201,1201,2201,1101,936770252,,936770252,R100000031P,,,,,3D,N,1,,N,N,,,,,,21213,Hippocentaur Primary College,411.15,,,435.00,426.54,,,,,,578,,546,505,535,P,,X,P,P,A:B:C,,,GC,A:B:F,22.36,,,19.04,20.09,5,,,6,5
21215,3,AllDomains,184725944,Su,Buchanan,2009-07-18,3,2,2,1201,4,5,1,1,8,3,1201,1201,1201,1101,184725944,,184725944,R100000091G,,,,,3B,N,2,,N,N,,,,,,21215,Isovalerate Combined College,418.85,,441.00,,403.46,,,,,,424,,498,515,410,P,,P,C,P,A:D:F,,SA:SB:PD,,A:D:E,18.71,,20.07,,20.63,5,,6,,5
21220,7,AllDomains,154543294,Richard,Guzman,2009-11-15,7,1,1,1201,1,7,4,1,8,4,1201,7100,1201,1101,154543294,,154543294,R100000212M,,,,,7A,N,2,,N,N,,,,,,21220,Unturpentined Secondary College,578.12,475.00,577.00,577.00,580.47,,,,,,620,660,638,695,713,P,P,P,P,P,A:D:C,,SA:SD:PD,GC,NC:D:C:E,21.06,18.14,20.53,22.52,22.08,7,5,7,7,7
21215,9,AllDomains,798199675,John,Coward,2009-11-02,9,1,2,7100,2,7,1,2,6,3,7100,1201,1201,6101,798199675,,798199675,R100000095K,,,,,9B,N,1,,N,N,,,,,,21215,Isovalerate Combined College,620.62,655.00,0.0,619.00,,,,,,,649,723,618,745,596,P,P,R,P,E,A:B:F,,SA:SB:PD,GF,,21.23,20.52,0.0,20.39,,9,10,0,9,
21219,7,AllDomains,588637840,Eleanor,Cooper,2009-12-04,7,2,1,1201,1,7,1,1,7,2,1201,9601,1201,2100,588637840,,588637840,R100000187P,,,,,7F,N,2,,N,N,,,,,,21219,Trotcozy Secondary College,575.00,,577.00,583.00,580.47,,,,,,567,599,671,664,595,P,A,P,P,P,A:D:C,,SA:SD:PB,GC,CA:B:E:F,21.99,,20.89,20.38,20.03,7,,7,7,7
21214,5,AllDomains,901431343,Rita,Ebner,2009-10-27,5,2,4,1201,2,8,4,2,5,3,1201,1201,1201,1101,901431343,,901431343,R100000073H,,,,,5E,N,2,,N,N,,,,,,21214,Iliac Primary College,528.33,425.00,545.00,533.00,541.67,,,,,,557,682,531,533,572,P,P,P,P,P,A:D:F,,SA:SB:PB,GF,NC:D:C,21.10,18.10,20.66,22.52,18.15,6,4,7,6,7
21213,3,AllDomains,297620849,Kym,Howton,2009-06-22,3,2,4,1201,4,5,4,2,6,3,1201,1201,1201,1101,297620849,,297620849,R100000045P,,,,,3E,N,1,,N,N,,,,,,21213,Hippocentaur Primary College,438.08,,417.00,417.00,422.69,,,,,,578,,546,505,535,P,,P,P,P,A:B:C,,SA:SD:PB,GC,A:B:F,20.16,,20.70,21.85,19.10,6,,5,5,5
21212,5,AllDomains,439073665,Dominique,Howell,2009-11-07,5,2,4,1201,2,8,2,4,7,4,1201,1201,1201,1101,439073665,,439073665,R100000014M,,,,,5F,N,2,,N,N,,,,,,21212,Anticapital Primary College,521.67,,533.00,0.00,,,,,,,656,643,528,584,567,P,S,P,P,E,A:C:B,,SA:SD:PB,GB,,19.81,,19.66,22.89,,6,,6,0,
21221,7,AllDomains,863957213,Alonzo,Christiansen,2009-02-20,7,1,4,1201,2,8,4,2,7,1,1201,1201,1201,1101,863957213,,863957213,R100000242E,,,,,7F,N,1,,N,N,,,,,,21221,Wishram Combined College,565.62,,565.00,,575.78,,,,,,620,607,626,569,679,P,E,P,A,P,A:B:C,,SA:SD:PD,,NC:B:C:F,19.66,,20.00,,18.02,7,,7,,7
21221,3,AllDomains,319048887,Shellie,Nagel,2009-12-11,3,2,3,1201,1,5,2,3,6,4,1201,5203,1201,1101,319048887,,319048887,R100000239S,,,,,3A,N,1,,N,N,,,,,,21221,Wishram Combined College,418.85,,441.00,405.00,411.15,,,,,,493,,586,565,399,P,,P,P,P,A:D:E,,SA:SB:PB,GE,CA:B:E,22.44,,20.51,18.66,22.86,5,,6,5,5
21214,3,AllDomains,70232588,Laurene,Ventimiglia,2009-02-01,3,2,1,5203,2,8,3,4,5,4,5203,1201,5203,3307,70232588,,70232588,R100000067G,,,,,3B,N,2,,N,N,,,,,,21214,Iliac Primary College,418.85,,,0.00,415.00,,,,,,517,,551,433,559,P,,W,P,P,A:C:B,,,GB,NC:D:F,22.55,,,18.68,22.33,5,,,0,5
21215,5,AllDomains,747044761,Beatrice,Connelly,2009-10-05,5,2,2,1201,2,7,4,4,8,4,1201,1201,1201,1101,747044761,,747044761,R100000082E,,,,,5E,N,1,,N,N,,,,,,21215,Isovalerate Combined College,525.00,0.0,503.00,521.00,541.67,,,,,,574,522,586,650,682,P,R,P,P,P,A:D:C,,SA:SD:PB,GC,A:D:C,19.74,0.0,21.02,21.85,18.46,6,0,6,6,7
21220,7,AllDomains,668085738,Rex,Horton,2009-01-02,7,1,3,1201,1,5,2,4,7,4,1201,1201,9601,1101,668085738,,668085738,R100000216R,,,,,7E,N,2,,N,N,,,,,,21220,Unturpentined Secondary College,575.00,625.00,577.00,565.00,584.38,,,,,,620,660,638,695,713,P,P,P,P,P,A:D:E,,SA:SB:PB,GE,A:B:C:F,19.68,20.16,21.17,21.75,19.93,7,9,7,7,7
21218,7,AllDomains,297514420,Claude,Allen,2009-05-23,7,1,1,1201,3,6,1,3,6,4,1201,1201,5203,1101,297514420,,297514420,R100000169A,,,,,7B,N,1,,N,N,,,,,,21218,Redistrainer Secondary College,,625.00,,0.00,571.09,,,,,,745,730,717,699,550,W,P,X,P,P,,,,G,NC:D:C:E,,21.89,,19.39,20.10,,9,,0,7
21218,9,AllDomains,549297543,Judi,Lloyd,2009-09-16,9,2,3,1201,3,7,2,1,5,2,1201,1201,1201,1101,549297543,,549297543,R100000151M,,,,,9C,N,2,,N,N,,,,,,21218,Redistrainer Secondary College,620.62,655.00,,583.00,,,,,,,644,671,612,651,724,P,P,X,P,S,A:B:C,,,GC,CA:D:C:F,19.95,20.06,,20.23,,9,10,,8,
21218,9,AllDomains,804320309,Manuel,Hadley,2009-05-18,9,1,2,1201,2,6,3,4,7,2,1201,1201,1201,4111,804320309,,804320309,R100000174A,,,,,9D,N,1,,N,N,,,,,,21218,Redistrainer Secondary College,617.50,655.00,619.00,607.00,608.12,,,,,,644,745,612,651,724,P,P,P,P,P,A:D:C,,SA:SB:PB,GC,A:B:E:F,21.90,20.17,19.87,20.54,18.05,9,10,9,8,8
21212,5,AllDomains,600949416,Wilton,Buck,2009-11-08,5,1,4,5203,1,6,2,1,8,4,5203,1201,1201,1101,600949416,,600949416,R100000015E,,,,,5C,N,2,,N,N,,,,,,21212,Anticapital Primary College,,575.00,551.00,0.00,535.00,,,,,,656,643,528,584,567,X,P,P,P,P,,,SA:SD:PB,G,A:B:E,,20.85,19.43,18.25,20.11,,8,7,0,6
21221,5,AllDomains,749764543,Sheree,Taylor,2009-02-07,5,2,4,1201,2,5,2,1,6,4,1201,1201,5203,1101,749764543,,749764543,R100000243D,,,,,5D,N,1,,N,N,,,,,,21221,Wishram Combined College,531.67,,533.00,533.00,538.33,,,,,,543,500,548,579,524,P,S,P,P,P,A:B:C,,SA:SD:PB,GC,A:D:E,21.82,,22.02,18.50,18.52,6,,6,6,7
21219,9,AllDomains,685952291,Alvin,Webb,2009-11-10,9,1,4,5203,3,5,3,4,5,2,5203,7100,1201,1101,685952291,,685952291,R100000183S,,,,,9C,N,2,,N,N,,,,,,21219,Trotcozy Secondary College,617.50,505.00,625.00,601.00,617.50,,,,,,767,727,748,774,608,P,P,P,P,P,A:D:F,,SA:SD:PB,GF,CA:B:E:F,20.88,18.75,18.08,18.72,22.48,9,6,9,8,9
21215,7,AllDomains,500224274,Normand,Abbott,2009-09-02,7,1,4,1201,2,6,1,2,5,2,1201,1201,1201,1101,500224274,,500224274,R100000078D,,,,,7F,N,2,,N,N,,,,,,21215,Isovalerate Combined College,593.75,,577.00,595.00,571.09,,,,,,748,611,644,694,676,P,S,P,P,P,A:B:F,,SA:SB:PB,GF,CA:D:C:E,19.39,,20.14,19.99,18.14,8,,7,8,7
21221,9,AllDomains,17572599,Jeanine,Robertson,2009-10-25,9,2,4,1201,3,7,3,1,7,2,1201,1201,1201,2100,17572599,,17572599,R100000229P,,,,,9A,N,1,,N,N,,,,,,21221,Wishram Combined College,601.88,655.00,601.00,631.00,595.62,,,,,,708,710,680,634,775,P,P,P,P,P,A:B:E,,SA:SB:PB,GE,A:B:E:F,21.30,20.55,19.52,22.26,18.15,8,10,8,9,8
21212,5,AllDomains,872347538,Leroy,Beiler,2009-04-18,5,1,1,1201,2,5,1,2,6,1,1201,1201,1201,1101,872347538,,872347538,R100000001E,,,,,5E,N,2,,N,N,,,,,,21212,Anticapital Primary College,511.67,575.00,527.00,545.00,511.67,,,,,,656,637,528,584,567,P,P,P,P,P,A:B:C,,SA:SB:PD,GC,A:B:E,22.60,18.16,21.20,20.67,21.94,6,8,6,7,6
21215,7,AllDomains,796511436,Daniel,Keeton,2009-04-10,7,1,3,1201,1,6,2,3,6,3,1201,1201,9601,1101,796511436,,796511436,R100000076K,,,,,7B,N,2,,N,N,,,,,,21215,Isovalerate Combined College,596.88,475.00,,571.00,573.44,,,,,,748,611,644,694,676,P,P,X,P,P,A:D:E,,,GE,NC:D:E:F,22.54,20.85,,19.65,22.96,8,5,,7,7
21217,3,AllDomains,912219902,Fannie,Spradley,2009-01-03,3,2,4,2201,2,8,4,3,5,3,2201,1201,1201,1101,912219902,,912219902,R100000136R,,,,,3F,N,2,,N,N,,,,,,21217,Phyllostoma Combined College,407.31,,417.00,423.00,,,,,,,431,,425,418,484,P,,P,P,A,A:B:C,,SA:SB:PB,GC,,22.65,,21.32,18.51,,5,,5,5,
21212,3,AllDomains,799288106,Tiesha,Pharris,2009-01-14,3,2,2,7100,2,5,1,2,5,1,7100,1201,1201,4111,799288106,,799288106,R100000016D,,,,,3C,N,2,,N,N,,,,,,21212,Anticapital Primary College,415.00,,417.00,429.00,415.00,,,,,,582,,416,587,509,P,,P,P,P,A:D:F,,SA:SB:PD,GF,NC:D:F,18.61,,19.91,22.96,20.23,5,,5,6,5
21218,9,AllDomains,899750212,Juanita,Motley,2009-12-19,9,2,2,5203,2,6,3,2,7,1,5203,1201,1201,1101,899750212,,899750212,R100000162E,,,,,9E,N,2,,N,N,,,,,,21218,Redistrainer Secondary College,608.12,505.00,589.00,0.00,0.0,,,,,,644,745,612,651,724,P,P,P,P,R,A:C:B,,SA:SD:PD,GB,A:B:C:F,19.62,19.83,18.04,22.99,0.0,8,6,8,0,0
21221,5,AllDomains,880056195,Gerda,Pursley,2009-01-12,5,2,1,1201,2,7,4,3,5,1,1201,1201,1201,4111,880056195,,880056195,R100000245M,,,,,5E,N,1,,N,N,,,,,,21221,Wishram Combined College,525.00,575.00,497.00,,,,,,,,543,500,548,579,524,P,P,P,C,C,A:D:C,,SA:SD:PD,,,22.96,19.29,20.04,,,6,8,5,,
21215,9,AllDomains,691066350,Tracey,Wood,2009-08-03,9,2,1,1201,2,5,4,2,6,4,1201,1201,1201,1101,691066350,,691066350,R100000077E,,,,,9B,N,1,,N,N,,,,,,21215,Isovalerate Combined College,614.38,655.00,601.00,625.00,,,,,,,649,723,618,745,596,P,P,P,P,X,A:B:C,,SA:SB:PB,GC,,20.35,19.62,20.63,21.38,,8,10,8,9,
21214,3,AllDomains,503927230,Emmett,Dison,2009-04-12,3,1,2,1201,3,6,2,1,5,2,1201,1201,1201,1101,503927230,,503927230,R100000066M,,,,,3A,N,1,,N,N,,,,,,21214,Iliac Primary College,418.85,,411.00,435.00,438.08,,,,,,517,,551,433,559,P,,P,P,P,A:B:F,,SA:SB:PB,GF,CA:D:C,22.61,,21.94,18.29,22.08,5,,5,6,6
21219,7,AllDomains,744221821,Valentina,Hendricks,2009-12-16,7,2,1,1201,3,7,1,2,7,1,1201,1201,1201,1101,744221821,,744221821,R100000191H,,,,,7D,N,2,,N,N,,,,,,21219,Trotcozy Secondary College,578.12,625.00,559.00,595.00,566.41,,,,,,567,665,671,664,595,P,P,P,P,P,A:D:E,,SA:SB:PD,GE,CA:D:C:E,22.67,22.44,18.88,20.95,18.26,7,9,7,8,7
21220,7,AllDomains,23518540,Santa,Pierce,2009-12-19,7,2,4,1201,1,8,2,2,6,4,1201,1201,1201,1101,23518540,,23518540,R100000202R,,,,,7A,N,2,,N,N,,,,,,21220,Unturpentined Secondary College,575.00,,565.00,577.00,573.44,,,,,,620,660,638,695,713,P,A,P,P,P,A:B:F,,SA:SB:PD,GF,CA:B:E:F,19.24,,22.05,22.74,18.57,7,,7,7,7
21214,3,AllDomains,867232991,Dora,Palm,2009-08-14,3,2,2,7100,3,8,3,1,7,2,7100,1201,1201,1101,867232991,,867232991,R100000068H,,,,,3D,N,1,,N,N,,,,,,21214,Iliac Primary College,430.38,,0.0,393.00,422.69,,,,,,517,,551,433,559,P,,R,P,P,A:B:E,,SA:SB:PB,GE,NC:D:E,21.22,,0.0,21.27,21.75,6,,0,5,5
21212,3,AllDomains,165911230,Juli,Kent,2009-06-21,3,2,4,1201,4,6,1,1,7,1,1201,2201,1201,1101,165911230,,165911230,R100000013A,,,,,3D,N,2,,N,N,,,,,,21212,Anticapital Primary College,411.15,,435.00,423.00,415.00,,,,,,582,,416,587,509,P,,P,P,P,A:B:C,,SA:SD:PB,GC,A:D:F,18.15,,22.11,20.25,21.85,5,,6,5,5
21214,5,AllDomains,31407761,Orville,Allred,2009-04-05,5,1,4,1201,1,7,4,1,5,4,1201,1201,1201,1101,31407761,,31407761,R100000058E,,,,,5B,N,2,,N,N,,,,,,21214,Iliac Primary College,531.67,575.00,539.00,,515.00,,,,,,557,682,531,533,572,P,P,P,W,P,A:B:C,,SA:SD:PB,,CA:D:E,22.81,22.47,21.98,,19.50,6,8,7,,6
21219,9,AllDomains,348983856,Bobby,Echols,2009-01-07,9,1,4,1201,1,7,2,2,6,3,1201,1201,2201,6101,348983856,,348983856,R100000194M,,,,,9D,N,1,,N,N,,,,,,21219,Trotcozy Secondary College,605.00,655.00,619.00,601.00,605.78,,,,,,767,727,748,774,608,P,P,P,P,P,A:B:E,,SA:SB:PB,GE,NC:B:C:F,19.58,20.10,20.01,18.06,21.84,8,10,9,8,8
21215,5,AllDomains,133472063,Elda,Luis,2009-12-02,5,2,4,1201,3,6,3,1,6,2,1201,7100,1201,1101,133472063,,133472063,R100000075R,,,,,5A,N,2,,N,N,,,,,,21215,Isovalerate Combined College,535.00,575.00,,503.00,538.33,,,,,,574,539,586,650,682,P,P,C,P,P,A:B:F,,,GF,CA:D:C,18.64,18.21,,20.74,20.83,6,8,,6,7
21216,3,AllDomains,850988822,Travis,Hopper,2009-09-10,3,1,2,1201,4,6,2,4,6,2,1201,1201,1201,1101,850988822,,850988822,R100000116S,,,,,3A,N,2,,N,N,,,,,,21216,Ophthalmoplegia Combined College,430.38,,417.00,417.00,,,,,,,510,,392,414,555,P,,P,P,A,A:B:E,,SA:SD:PB,GE,,21.35,,19.32,19.55,,6,,5,5,
21213,3,AllDomains,438794451,Jeffery,Floyd,2009-08-05,3,1,3,1201,1,5,4,2,7,3,1201,5203,1201,1101,438794451,,438794451,R100000040D,,,,,3D,N,2,,N,N,,,,,,21213,Hippocentaur Primary College,438.08,,411.00,0.0,411.15,,,,,,578,,546,505,535,P,,P,R,P,A:B:F,,SA:SD:PB,GF,A:D:C,20.95,,20.49,0.0,21.31,6,,5,0,5
21220,9,AllDomains,343362773,Beulah,Garcia,2009-12-10,9,2,2,1201,1,8,1,2,6,1,1201,1201,2201,1101,343362773,,343362773,R100000205P,,,,,9F,N,1,,N,N,,,,,,21220,Unturpentined Secondary College,,505.00,607.00,613.00,608.12,,,,,,759,721,655,617,662,S,P,P,P,P,A:D:C,,SA:SB:PB,GC,CA:D:C:F,,20.53,21.92,22.40,20.91,,6,8,8,8
21212,5,AllDomains,951674161,Genaro,Finch,2009-01-06,5,1,4,1201,2,7,4,4,8,3,1201,1201,1201,1101,951674161,,951674161,R100000009M,,,,,5E,N,2,,N,N,,,,,,21212,Anticapital Primary College,521.67,575.00,,545.00,505.00,,,,,,656,637,528,584,567,P,P,A,P,P,A:B:E,,,GE,NC:D:C,18.13,21.15,,18.51,19.13,6,8,,7,6
21220,7,AllDomains,237840113,Phyllis,Maurer,2009-01-23,7,2,3,1201,1,6,2,1,8,1,1201,1201,1201,1101,237840113,,237840113,R100000224D,,,,,7C,N,2,,N,N,,,,,,21220,Unturpentined Secondary College,,475.00,577.00,0.00,587.50,,,,,,620,660,638,695,713,C,P,P,P,P,,,SA:SB:PB,G,NC:D:E:F,,18.25,19.52,20.06,22.87,,5,7,0,8
21218,9,AllDomains,648654892,Ruben,Lane,2009-12-14,9,1,4,1201,2,8,4,1,7,1,1201,5203,1201,1101,648654892,,648654892,R100000172H,,,,,9C,N,2,,N,N,,,,,,21218,Redistrainer Secondary College,620.62,655.00,,0.00,611.25,,,,,,644,745,612,651,724,P,P,W,P,P,A:C:B,,,GB,A:B:C:F,22.14,22.07,,20.56,21.22,9,10,,0,8
21215,9,AllDomains,948766497,Armando,Lieberman,2009-05-12,9,1,2,1201,3,6,4,1,6,3,1201,1201,1201,1101,948766497,,948766497,R100000092H,,,,,9D,N,2,,N,N,,,,,,21215,Isovalerate Combined College,614.38,505.00,613.00,601.00,617.50,,,,,,649,723,618,745,596,P,P,P,P,P,A:D:F,,SA:SB:PD,GF,CA:B:C:E,22.69,19.60,18.43,21.49,21.24,8,6,8,8,9
21216,7,AllDomains,60555998,Seth,Robertson,2009-09-10,7,1,2,1201,4,8,3,1,6,2,1201,1201,1201,1101,60555998,,60555998,R100000123K,,,,,7B,N,2,,N,N,,,,,,21216,Ophthalmoplegia Combined College,575.00,,541.00,,587.50,,,,,,654,721,726,644,663,P,A,P,S,P,A:C:B,,SA:SB:PB,GB,NC:D:C:E,22.22,,20.43,,18.00,7,,6,,8
21213,3,AllDomains,938798662,Maribel,Dixon,2009-10-18,3,2,2,1201,2,8,2,4,5,2,1201,2201,5203,4111,938798662,,938798662,R100000027A,,,,,3F,N,2,,N,N,,,,,,21213,Hippocentaur Primary College,415.00,,405.00,,426.54,,,,,,578,,546,505,535,P,,P,S,P,A:B:E,,SA:SD:PB,GE,CA:D:E,21.60,,19.65,,20.72,5,,5,,5
21219,7,AllDomains,843681862,Benedict,Johnson,2009-02-22,7,1,4,1201,3,8,2,4,8,4,1201,1201,1201,1101,843681862,,843681862,R100000195E,,,,,7A,N,1,,N,N,,,,,,21219,Trotcozy Secondary College,593.75,625.00,,0.00,575.78,,,,,,567,599,671,664,595,P,P,A,P,P,A:C:B,,,GB,NC:B:C:F,22.90,22.06,,18.38,18.85,8,9,,0,7
21213,3,AllDomains,470222285,Sharon,Young,2009-05-10,3,2,2,1201,4,6,3,1,8,2,1201,1201,1201,3307,470222285,,470222285,R100000044E,,,,,3A,N,1,,N,N,,,,,,21213,Hippocentaur Primary College,415.00,,0.0,399.00,418.85,,,,,,578,,546,505,535,P,,R,P,P,A:D:C,,SA:SB:PD,GC,CA:D:F,22.62,,0.0,22.17,19.69,5,,0,5,5
21217,5,AllDomains,327244049,Diane,Sims,2009-10-08,5,2,3,1201,1,7,4,3,8,2,1201,1201,1201,1101,327244049,,327244049,R100000138E,,,,,5C,N,1,,N,N,,,,,,21217,Phyllostoma Combined College,508.33,575.00,527.00,515.00,528.33,,,,,,528,519,518,519,606,P,P,P,P,P,A:B:F,,SA:SB:PB,GF,CA:B:F,20.72,18.96,21.30,18.79,22.75,6,8,6,6,6
21213,3,AllDomains,200021907,Jannie,Lee,2009-02-10,3,2,3,1201,3,7,4,4,7,2,1201,1201,1201,4111,200021907,,200021907,R100000030H,,,,,3B,N,2,,N,N,,,,,,21213,Hippocentaur Primary College,426.54,,429.00,435.00,430.38,,,,,,578,,546,505,535,P,,P,P,P,A:B:F,,SA:SD:PD,GF,A:B:E,22.05,,22.72,19.32,20.40,5,,6,6,6
21220,9,AllDomains,619028703,Alfredo,Akbar,2009-04-07,9,1,1,1201,1,6,1,1,8,4,1201,1201,1201,3307,619028703,,619028703,R100000215S,,,,,9F,N,1,,N,N,,,,,,21220,Unturpentined Secondary College,623.75,505.00,613.00,595.00,617.50,,,,,,759,744,655,617,662,P,P,P,P,P,A:B:F,,SA:SB:PD,GF,CA:B:C:E,21.30,20.88,19.98,21.06,22.22,9,6,8,8,9
21220,7,AllDomains,105664271,Mitchell,Bloom,2009-01-24,7,1,1,1201,3,5,3,3,8,2,1201,1201,1201,1101,105664271,,105664271,R100000211A,,,,,7F,N,2,,N,N,,,,,,21220,Unturpentined Secondary College,578.12,0.0,571.00,571.00,571.88,,,,,,620,660,638,695,713,P,R,P,P,P,A:D:C,,SA:SD:PB,GC,A:D:C:F,19.55,0.0,22.76,20.97,21.61,7,0,7,7,7
21212,5,AllDomains,282611052,Cordelia,Alvarado,2009-10-13,5,2,4,1201,3,7,2,4,8,1,1201,9601,1201,1101,282611052,,282611052,R100000010G,,,,,5B,N,1,,N,N,,,,,,21212,Anticapital Primary College,538.33,575.00,527.00,515.00,518.33,,,,,,656,643,528,584,567,P,P,P,P,P,A:D:F,,SA:SB:PB,GF,CA:D:E,18.54,19.06,19.53,19.82,20.12,7,8,6,6,6
21217,9,AllDomains,443154971,Donte,Johnson,2009-03-07,9,1,4,1201,4,5,2,3,7,4,1201,2201,7100,4111,443154971,,443154971,R100000127M,,,,,9A,N,2,,N,N,,,,,,21217,Phyllostoma Combined College,611.25,655.00,,583.00,610.47,,,,,,675,692,731,694,665,P,P,A,P,P,A:D:E,,,GE,NC:D:C:F,19.04,20.43,,22.02,22.43,8,10,,8,8
21212,3,AllDomains,912208774,Gladis,Clemmer,2009-09-07,3,2,3,1201,1,7,2,3,8,4,1201,1201,1201,1101,912208774,,912208774,R100000002D,,,,,3F,N,2,,N,N,,,,,,21212,Anticapital Primary College,422.69,,423.00,,426.54,,,,,,582,,416,587,509,P,,P,E,P,A:D:C,,SA:SB:PB,,A:B:E,19.24,,21.16,,21.34,5,,5,,5
21214,5,AllDomains,821927062,Tomeka,Templeton,2009-05-28,5,2,4,2201,4,6,1,4,7,3,2201,1201,1201,1101,821927062,,821927062,R100000074P,,,,,5B,N,1,,N,N,,,,,,21214,Iliac Primary College,555.00,575.00,527.00,551.00,528.33,,,,,,557,682,531,533,572,P,P,P,P,P,A:B:F,,SA:SB:PD,GF,CA:B:E,22.25,22.99,22.63,19.72,19.88,7,8,6,7,6
21214,3,AllDomains,539010323,Ruth,Mah,2009-02-15,3,2,4,1201,3,7,2,2,5,2,1201,1201,1201,1101,539010323,,539010323,R100000054H,,,,,3D,N,2,,N,N,,,,,,21214,Iliac Primary College,403.46,,423.00,,415.00,,,,,,517,,551,433,559,P,,P,S,P,A:B:E,,SA:SD:PD,GE,CA:B:E,21.50,,21.91,,21.00,5,,5,,5
21219,7,AllDomains,621711852,Adriana,Webb,2009-09-20,7,2,2,1201,4,8,3,1,8,4,1201,1201,1201,1101,621711852,,621711852,R100000175K,,,,,7F,N,2,,N,N,,,,,,21219,Trotcozy Secondary College,0.0,475.00,601.00,571.00,578.12,,,,,,567,599,671,664,595,R,P,P,P,P,A:D:C,,SA:SD:PB,GC,CA:B:C:F,0.0,19.67,19.42,18.61,20.00,0,5,8,7,7
21212,5,AllDomains,457520822,Hilda,Akbar,2009-07-03,5,2,1,1201,2,5,4,1,6,2,1201,1201,1201,1101,457520822,,457520822,R100000005G,,,,,5B,N,2,,N,N,,,,,,21212,Anticapital Primary College,525.00,575.00,503.00,539.00,531.67,,,,,,656,643,528,584,567,P,P,P,P,P,A:B:C,,SA:SB:PB,GC,NC:D:C,19.85,22.40,20.74,22.41,18.35,6,8,6,7,6
21215,9,AllDomains,439271349,Wilson,Oates,2009-11-18,9,1,1,1201,4,7,2,3,5,2,1201,1201,1201,1101,439271349,,439271349,R100000099R,,,,,9A,N,1,,N,N,,,,,,21215,Isovalerate Combined College,,505.00,619.00,0.00,615.16,,,,,,649,723,618,745,596,W,P,P,P,P,,,SA:SB:PB,G,CA:D:C:F,,20.23,18.26,19.13,22.34,,6,9,0,8
21215,9,AllDomains,823126537,Carolyn,Dallas,2009-07-11,9,2,3,1201,3,6,2,4,8,3,1201,1201,1201,1101,823126537,,823126537,R100000083D,,,,,9F,N,2,,N,N,,,,,,21215,Isovalerate Combined College,595.62,505.00,613.00,625.00,603.44,,,,,,649,681,618,745,596,P,P,P,P,P,A:D:F,,SA:SD:PD,GF,CA:D:E:F,18.18,20.57,21.96,22.60,18.09,8,6,8,9,8
21214,5,AllDomains,521388793,Tracey,Vasquez,2009-11-15,5,1,4,1201,1,5,2,2,7,1,1201,1201,1201,1101,521388793,,521388793,R100000060S,,,,,5A,N,2,,N,N,,,,,,21214,Iliac Primary College,541.67,575.00,539.00,557.00,531.67,,,,,,557,682,531,533,572,P,P,P,P,P,A:B:F,,SA:SD:PB,GF,CA:D:E,18.82,20.83,18.33,19.29,21.20,7,8,7,7,6
21212,5,AllDomains,343044931,Jonathon,Clevenger,2009-01-12,5,1,1,1201,1,7,3,2,7,3,1201,1201,1201,1101,343044931,,343044931,R100000006H,,,,,5E,N,1,,N,N,,,,,,21212,Anticapital Primary College,518.33,575.00,551.00,521.00,541.67,,,,,,656,643,528,584,567,P,P,P,P,P,A:D:E,,SA:SD:PD,GE,CA:B:C,22.73,22.57,20.51,18.85,23.00,6,8,7,6,7
21213,3,AllDomains,493598277,Camelia,Copeland,2009-07-08,3,2,3,1201,4,8,3,2,7,3,1201,1201,1201,6101,493598277,,493598277,R100000037R,,,,,3C,N,2,,N,N,,,,,,21213,Hippocentaur Primary College,422.69,,435.00,411.00,430.38,,,,,,578,,546,505,535,P,,P,P,P,A:B:E,,SA:SB:PB,GE,A:B:C,19.34,,22.63,22.42,18.51,5,,6,5,6
21213,5,AllDomains,746926784,Grady,Staats,2009-03-14,5,1,3,1201,3,5,4,1,5,2,1201,1201,1201,1101,746926784,,746926784,R100000028M,,,,,5A,N,1,,N,N,,,,,,21213,Hippocentaur Primary College,531.67,575.00,521.00,551.00,,,,,,,645,646,695,586,547,P,P,P,P,C,A:D:E,,SA:SD:PD,GE,,19.85,19.60,19.91,21.71,,6,8,6,7,
21214,3,AllDomains,62853932,Marian,Crain,2009-12-21,3,2,2,1201,1,6,1,1,7,1,1201,2201,1201,1101,62853932,,62853932,R100000062K,,,,,3D,N,1,,N,N,,,,,,21214,Iliac Primary College,418.85,,417.00,435.00,,,,,,,517,,551,433,559,P,,P,P,S,A:B:F,,SA:SD:PD,GF,CA:B:E,18.59,,21.00,22.52,,5,,5,6,
21219,9,AllDomains,20896464,Lettie,Hawkins,2009-01-08,9,2,2,1201,1,6,4,3,5,1,1201,1201,9601,1101,20896464,,20896464,R100000190G,,,,,9E,N,2,,N,N,,,,,,21219,Trotcozy Secondary College,626.88,505.00,589.00,619.00,601.88,,,,,,767,689,748,774,608,P,P,P,P,P,A:D:C,,SA:SD:PD,GC,A:D:C:E,22.79,21.31,20.41,20.68,20.99,9,6,8,9,8
21220,9,AllDomains,105780998,Bruce,Bowles,2009-05-15,9,1,1,5203,3,7,2,2,8,3,5203,1201,1201,1101,105780998,,105780998,R100000209H,,,,,9D,N,2,,N,N,,,,,,21220,Unturpentined Secondary College,601.88,655.00,595.00,607.00,,,,,,,759,721,655,617,662,P,P,P,P,A,A:D:F,,SA:SD:PD,GF,,20.63,21.16,22.45,21.43,,8,10,8,8,
21218,7,AllDomains,565645348,Elda,Lake,2009-11-01,7,2,3,1201,3,6,4,4,7,3,1201,1201,1201,1101,565645348,,565645348,R100000160R,,,,,7C,N,1,,N,N,,,,,,21218,Redistrainer Secondary College,593.75,625.00,553.00,571.00,590.62,,,,,,745,706,717,699,550,P,P,P,P,P,A:B:C,,SA:SB:PB,GC,A:B:C:F,22.01,20.16,20.19,20.89,18.17,8,9,7,7,8
