School,YrLevel,Domain,EventID,PSI,SchoolID,NAPTestLocalID,Adjustments
21221,9,Reading,d82b4a09-4304-4a76-9900-ad41bea618d7,R100000235R,21221,x001068019_Reading,"[""AIA"",""ETD""]"
21215,5,Spelling,46c7315b-7820-4ce9-9f37-36c49c52a331,R100000098S,21215,x001068012_Spelling,"[""AIA"",""COL""]"
21213,5,Spelling,f7dbc688-241f-4346-8b58-3026cb96dda8,R100000042R,21213,x001068012_Spelling,"[""AIA"",""AST""]"
21213,5,Writing,4cd7c8c9-451c-47d7-865f-a2c393e6fe46,R100000042R,21213,x00106808_Writing,"[""AIA""]"
21214,3,GrammarAndPunctuation,61896492-8c03-4ce3-9252-a3ca22299c16,R100000053G,21214,x00106805_Grammar and Punctuation,"[""ETD"",""AIA""]"
21221,9,Numeracy,441e1c8d-dac7-405f-a2fb-b9561e401df3,R100000228H,21221,x001068022_Numeracy,"[""ETA"",""AIA""]"
21220,7,Writing,64d377aa-b5ff-413f-8d97-05163e36bdc1,R100000203K,21220,x001068014_Writing,"[""AIA""]"
21215,9,Spelling,6eb52cc2-8fdd-4910-b99a-7246cf665345,R100000081K,21215,x001068024_Spelling,"[""ETC"",""AIA""]"
21221,9,Reading,33c63817-60b4-4eb5-b38a-98d4ca3df254,R100000233H,21221,x001068019_Reading,"[""COL"",""AIA""]"
21215,9,Reading,fa0c0d9e-fa85-4b96-9e1c-390d9ef0dc7e,R100000088P,21215,x001068019_Reading,"[""AIA"",""BNB""]"
21221,5,Spelling,f1a3c541-4b4b-450c-9a25-de6adee221d3,R100000231M,21221,x001068012_Spelling,"[""OFF"",""AIA""]"
21217,5,Numeracy,1e770414-13ba-4647-9128-02ea987dd337,R100000128G,21217,x001068010_Numeracy,"[""AIA"",""AST""]"
21215,3,GrammarAndPunctuation,d8ed72a0-b081-4973-8cf5-2197d2d7aacf,R100000086G,21215,x00106805_Grammar and Punctuation,"[""AIA"",""COL""]"
21215,3,Spelling,ba0d2245-ae48-4dea-bcf7-7414b0214c0c,R100000086G,21215,x00106806_Spelling,"[""COL"",""AIV""]"
21217,5,GrammarAndPunctuation,1176a4e7-7aaf-4e69-afd9-11b813a7febc,R100000142K,21217,x001068011_Grammar and Punctuation,"[""AIV""]"
21218,9,Reading,f336f51d-cd69-44b6-834d-9cc5439760de,R100000150A,21218,x001068019_Reading,"[""AIV"",""AIA""]"
21216,9,GrammarAndPunctuation,3421d0cf-bfa7-43d4-b8bd-cf435b43ca81,R100000121S,21216,x001068023_Grammar and Punctuation,"[""AIA"",""CAL""]"
21220,7,Writing,d0e478f3-bcaa-4aef-a223-27d4168d9a12,R100000206A,21220,x001068015_Writing_alt,"[""AIA"",""ETA""]"
21220,7,Reading,9344d262-2076-4632-ace5-49968626d4b7,R100000207M,21220,x001068013_Reading,"[""AIA""]"
21216,7,Spelling,de36e724-35b5-4226-a81d-0eeaacb7c5ff,R100000111P,21216,x001068018_Spelling,"[""COL"",""AIA""]"
21213,5,Numeracy,b3be940c-226e-44f5-ae88-6b4cb6b7b386,R100000035D,21213,x001068010_Numeracy,"[""AIV"",""AIA""]"
21212,5,Numeracy,fe17647e-8c72-4272-a795-d48cf72e8dab,R100000018R,21212,x001068010_Numeracy,"[""ETD"",""AIA""]"
21217,7,Spelling,a22cf61a-9499-457a-8c1b-cb18e0772d03,R100000146M,21217,x001068018_Spelling,"[""AIA"",""ETB""]"
21219,9,Spelling,5816a6fc-70b7-4222-a2fc-b4c11f1e77ea,R100000192P,21219,x001068024_Spelling,"[""AST"",""AIA""]"
21219,9,Writing,e0622a87-8359-4b67-8a87-e21ad9ee6589,R100000192P,21219,x001068020_Writing,"[""AIA""]"
21219,9,Reading,b65d90c6-cd38-4269-9b96-b121d9902b48,R100000192P,21219,x001068019_Reading,"[""AIA""]"
21215,5,Numeracy,c4813f2d-3ff2-47e7-b111-72ee61fdc0ae,R100000080R,21215,x001068010_Numeracy,"[""ZTFAO"",""ETD""]"
21220,9,Reading,eebf632e-142a-4ec5-bb1d-5bb97536cebd,R100000217K,21220,x001068019_Reading,"[""ETC"",""AIA""]"
21220,9,Numeracy,839439e3-c2ba-48d0-8ecb-f7b73aec40e3,R100000217K,21220,x001068022_Numeracy,"[""ETC"",""AIA""]"
21215,3,Numeracy,00c5bf82-248f-4f35-8ebc-968a157cdf40,R100000087H,21215,x00106804_Numeracy,"[""COL""]"
21215,3,Spelling,05d6b747-1e87-4895-9e8f-cb465e498a50,R100000087H,21215,x00106806_Spelling,"[""AIA"",""ETD""]"
21216,9,GrammarAndPunctuation,43a4b5ad-30df-45be-b609-2c5afaf9bed2,R100000109G,21216,x001068023_Grammar and Punctuation,"[""AIA"",""AIV""]"
21221,3,Numeracy,77c8ce87-8a6b-46f6-8b10-817a8710d332,R100000227G,21221,x00106804_Numeracy,"[""ETC"",""AIA""]"
21218,9,Writing,7794ed85-9ae7-454d-8618-8fa4e448d487,R100000171G,21218,x001068020_Writing,"[""AIA"",""ETC""]"
21216,7,Writing,010ad4e9-13bd-49f9-8aeb-54dfedafc2ce,R100000105H,21216,x001068015_Writing_alt,"[""AIA"",""ETB""]"
21219,9,Spelling,6105615d-97db-45b1-979a-7d3e0f8770d9,R100000199K,21219,x001068024_Spelling,"[""AIA"",""ETD""]"
21219,9,Reading,9cf1aa7e-cf08-4a6a-a3b8-7296beda6c2f,R100000199K,21219,x001068019_Reading,"[""ETA"",""CAL""]"
21213,5,Writing,b1b1e434-9c25-4250-a4f5-3841bf272411,R100000048G,21213,x00106809_Writing_alt,"[""AIA"",""AIV""]"
21221,7,Spelling,3d97fc90-c9fb-4718-8f2e-dd40660c8477,R100000232G,21221,x001068018_Spelling,"[""AIA""]"
21212,3,Reading,0d1f5de9-56e7-4b82-be81-c9845b3b9535,R100000004R,21212,x00106801_Reading,"[""CAL"",""AIA""]"
21221,3,Numeracy,16dca96e-c00e-4f8f-b395-67317ea97195,R100000238D,21221,x00106804_Numeracy,"[""ETB"",""AIA""]"
21218,9,Writing,08281fbc-1a5c-489e-abc1-01f9c343fae7,R100000156K,21218,x001068021_Writing_alt,"[""ETB"",""AIA""]"
21213,3,GrammarAndPunctuation,c2756349-7fa7-4c92-905f-f8078174e34c,R100000038K,21213,x00106805_Grammar and Punctuation,"[""AIA"",""ETD""]"
21213,3,Numeracy,8c813f06-820b-4dd7-a779-8abf556836b5,R100000038K,21213,x00106804_Numeracy,"[""CAL"",""AIA""]"
21214,3,GrammarAndPunctuation,6640f11e-7b17-49a1-9712-29d0a7436b48,R100000071M,21214,x00106805_Grammar and Punctuation,"[""CAL"",""AIA""]"
21216,7,Numeracy,7aae6e68-3952-455b-bdec-1d2d8d795e39,R100000114G,21216,x001068016_Numeracy,"[""ETB"",""AIA""]"
21216,7,Spelling,2509ebe8-dad4-415b-a297-25f6cb9e2849,R100000114G,21216,x001068018_Spelling,"[""ETC"",""ETB""]"
21216,7,GrammarAndPunctuation,ee7aa594-1c89-42fc-a667-32e0addee090,R100000114G,21216,x001068017_Grammar and Punctuation,"[""COL"",""AIA""]"
21213,3,Spelling,54843d90-9f14-449d-8c30-54b03971a8c8,R100000034G,21213,x00106806_Spelling,"[""ETC"",""AIA""]"
21219,9,GrammarAndPunctuation,5ce9e0a2-634e-4e52-96dc-d343e9208a78,R100000179R,21219,x001068023_Grammar and Punctuation,"[""AIA""]"
21213,3,GrammarAndPunctuation,e51eaa9b-9719-4886-814b-b27f0bda76a5,R100000047M,21213,x00106805_Grammar and Punctuation,"[""AIA"",""ZTFAO""]"
21218,7,Numeracy,28ef4bd6-5fc2-4a83-bf0a-dd2fa7123ded,R100000163D,21218,x001068016_Numeracy,"[""AIA""]"
21219,9,Reading,6338ae40-f742-4fdd-b35c-7fbd2e724d41,R100000197S,21219,x001068019_Reading,"[""AIV"",""AIA""]"
21217,3,Spelling,673aeef0-3b48-4ad3-9081-3d6471705c0f,R100000132M,21217,x00106806_Spelling,"[""ETC"",""SUP""]"
21215,5,GrammarAndPunctuation,097232c5-0a4d-4e72-baec-78390c85b54a,R100000094A,21215,x001068011_Grammar and Punctuation,"[""AIV"",""AIA""]"
21214,5,Writing,3725102b-d586-49cd-adc3-3d16dfb6636b,R100000059D,21214,x00106809_Writing_alt,"[""CAL"",""AIA""]"
21221,7,Reading,b2e06160-2ee1-4a63-bf9c-875a354b6285,R100000249A,21221,x001068013_Reading,"[""AIA"",""ETB""]"
21220,7,Reading,bd7bcfb3-5b3d-46fe-b9f4-a794b5b2d66d,R100000201S,21220,x001068013_Reading,"[""AIA""]"
21217,7,Spelling,d4bb8536-042e-44ec-9fc0-5c66313f9eff,R100000134H,21217,x001068018_Spelling,"[""AST"",""AIA""]"
21213,3,GrammarAndPunctuation,ebeb20f9-27b5-49ef-8857-382621c424ab,R100000041S,21213,x00106805_Grammar and Punctuation,"[""AIA"",""COL""]"
21213,3,Reading,0ca59627-a480-44c2-bfe0-91566fd05fb1,R100000041S,21213,x00106801_Reading,"[""COL"",""AIA""]"
21214,5,Writing,056c50cf-026f-46f8-b036-73a7d5ecd30e,R100000070A,21214,x00106809_Writing_alt,"[""ETD"",""AIA""]"
21214,5,Reading,63db2f9d-60a0-43be-ae18-d6601b557a6c,R100000070A,21214,x00106807_Reading,"[""ENZ"",""AIV""]"
21220,7,Spelling,7d7a4eae-0c69-4b4d-a935-f08a96ac1d8d,R100000208G,21220,x001068018_Spelling,"[""SUP"",""AIA""]"
21216,7,Reading,3e8c49ba-a38d-41b3-860e-61571ac9bddf,R100000110H,21216,x001068013_Reading,"[""ETA"",""AIA""]"
21212,5,Writing,8c4a5907-3fe4-46d5-a89f-87a3a23746c4,R100000000K,21212,x00106809_Writing_alt,"[""CAL"",""AIA""]"
21212,5,Numeracy,570f2ce1-2ca6-45b0-93ff-3025ef53e52b,R100000000K,21212,x001068010_Numeracy,"[""AST"",""AIA""]"
21219,9,Reading,93c26196-26eb-4a7f-b3ca-b8f6f1fb72a5,R100000176E,21219,x001068019_Reading,"[""AIA"",""AIV""]"
21214,5,Writing,de56eb71-5dc9-4c02-bde7-aaa44b3174aa,R100000061R,21214,x00106809_Writing_alt,"[""ZOF"",""COL""]"
21220,7,Writing,a87b3810-c064-44ff-8e9f-b01c6a58ae4d,R100000219D,21220,x001068015_Writing_alt,"[""AIA""]"
21220,7,Spelling,0e7e85f5-79f8-448e-8711-8046924cde4c,R100000219D,21220,x001068018_Spelling,"[""CAL""]"
21212,3,Numeracy,406d9d4d-f273-4745-a663-a56113d608b7,R100000017S,21212,x00106804_Numeracy,"[""AIA""]"
21221,7,Numeracy,18188ab5-7857-4983-85f9-a72588998780,R100000247H,21221,x001068016_Numeracy,"[""COL"",""AIA""]"
21221,5,Writing,3dff9931-df74-4a7c-b6b5-628d6b641544,R100000248P,21221,x00106809_Writing_alt,"[""AIA"",""AIV""]"
21221,5,GrammarAndPunctuation,079e2781-be7f-4008-929d-667e046a0413,R100000248P,21221,x001068011_Grammar and Punctuation,"[""AIA""]"
21217,3,Numeracy,11a6b506-34fc-4734-925a-105c266712dc,R100000145A,21217,x00106804_Numeracy,"[""AIA"",""ETA""]"
21217,3,Spelling,34b3e265-8351-4bcb-943e-a26f9adea812,R100000145A,21217,x00106806_Spelling,"[""AIV"",""AST""]"
21214,5,Spelling,3b0e3602-ec09-490b-a56e-f6af13729b1a,R100000050P,21214,x001068012_Spelling,"[""AIA"",""ETA""]"
21214,5,Writing,86a51a96-43d5-4671-97b7-4a6314ae4583,R100000050P,21214,x00106808_Writing,"[""AIA"",""OSS""]"
21219,7,Spelling,d9440490-ddb4-484d-a439-000363923c99,R100000180K,21219,x001068018_Spelling,"[""ETC"",""AIA""]"
21219,7,GrammarAndPunctuation,0fc81c92-d460-4975-a09a-ffed03dc97db,R100000180K,21219,x001068017_Grammar and Punctuation,"[""CAL"",""AIA""]"
21212,5,Reading,e1bb5848-62d7-4b03-8943-50ff92e0bb41,R100000023R,21212,x00106807_Reading,"[""AIA"",""BNG""]"
21220,7,Reading,d79f7a7d-f228-47d6-88e2-fb50d37bf58c,R100000221R,21220,x001068013_Reading,"[""CAL"",""AIA""]"
21220,7,GrammarAndPunctuation,2bd1c91b-56ac-4e55-9ce3-b41387480fdd,R100000214H,21220,x001068017_Grammar and Punctuation,"[""AST"",""AIA""]"
21213,5,Spelling,203b8499-f0f8-42fc-99df-8f391c9ad21d,R100000029G,21213,x001068012_Spelling,"[""AIV"",""AIA""]"
21213,5,Writing,5133c679-3c63-44f4-91e8-1a9cee67e0d1,R100000029G,21213,x00106808_Writing,"[""AIV"",""AIA""]"
21213,5,GrammarAndPunctuation,bfd78b31-07a3-4342-8543-25354f2ddf04,R100000029G,21213,x001068011_Grammar and Punctuation,"[""AIA"",""LFS""]"
21213,3,Reading,f461b695-25a1-40af-ad6e-c1a13c7c7560,R100000033M,21213,x00106801_Reading,"[""ETB"",""AIA""]"
21215,5,Spelling,24c33cf1-aa7c-4dd5-a499-4ce33b572d63,R100000079S,21215,x001068012_Spelling,"[""ETC"",""AIA""]"
21215,5,Writing,98f92860-cc24-4979-9fbe-65034fd2e27e,R100000079S,21215,x00106809_Writing_alt,"[""AIA"",""CAL""]"
21217,7,Spelling,e517a953-6dcd-4d0a-b91b-c8b3e6b9c433,R100000141R,21217,x001068018_Spelling,"[""ETA"",""AIA""]"
21217,7,GrammarAndPunctuation,76d66597-8009-4a2d-b71c-4330cda18021,R100000141R,21217,x001068017_Grammar and Punctuation,"[""BNG"",""ETD""]"
21217,7,Writing,b2e9b0eb-b083-477a-9b4e-1503c1192e2b,R100000130P,21217,x001068015_Writing_alt,"[""AIA""]"
21221,5,Spelling,fee15cd4-30c2-4515-8122-744f006abb4b,R100000244S,21221,x001068012_Spelling,"[""ETD"",""COL""]"
21218,9,Spelling,f5bb0e82-8be3-4579-934b-ac9fd2c1fddc,R100000152G,21218,x001068024_Spelling,"[""AIA""]"
21218,9,Writing,c3e2e196-347d-4349-af71-e82df22b61d4,R100000152G,21218,x001068020_Writing,"[""CAL"",""AIA""]"
21218,9,GrammarAndPunctuation,e8648274-216c-4aef-bf4b-cdf428e0822c,R100000152G,21218,x001068023_Grammar and Punctuation,"[""ETB"",""AIA""]"
21218,7,Numeracy,a8f27279-ae14-46c2-9e34-2eeccef401ac,R100000154P,21218,x001068016_Numeracy,"[""AIA"",""ETB""]"
21218,7,GrammarAndPunctuation,a01449ff-6692-4fbd-a38c-13223aca3bd0,R100000154P,21218,x001068017_Grammar and Punctuation,"[""EST"",""AIA""]"
21216,5,Writing,c254e8d5-f1ae-4c08-bc5b-aafff80938a8,R100000120D,21216,x00106809_Writing_alt,"[""AIA""]"
21219,9,Spelling,7ed17a05-3c66-4a39-9b8f-b26373df876c,R100000181E,21219,x001068024_Spelling,"[""AIA"",""AST""]"
21219,9,GrammarAndPunctuation,58ffd3be-a9d6-4783-a714-47c2da590978,R100000181E,21219,x001068023_Grammar and Punctuation,"[""AIA"",""ETA""]"
21219,9,Reading,f9eb01e3-6cc6-416e-8390-6445441b1772,R100000181E,21219,x001068019_Reading,"[""AIA"",""AST""]"
21216,9,Writing,82a87b16-10cb-4843-af0f-e5bcd5843e56,R100000104K,21216,x001068020_Writing,"[""CAL"",""AIA""]"
21218,9,Reading,b95111c4-ad42-4be4-864e-f7c3d8632bcf,R100000164S,21218,x001068019_Reading,"[""AIA""]"
21219,9,GrammarAndPunctuation,85c97854-c6c7-4f0d-b11e-88279c0305dc,R100000196D,21219,x001068023_Grammar and Punctuation,"[""CAL"",""AIA""]"
21216,5,Spelling,660be0eb-e843-49bb-b7a3-0e40e542a15b,R100000103R,21216,x001068012_Spelling,"[""AIA"",""ETA""]"
21212,5,Spelling,b341acd2-e232-4c0c-8c91-2811de088f12,R100000022S,21212,x001068012_Spelling,"[""AIA"",""RBK""]"
21216,7,GrammarAndPunctuation,c01e1a99-31fb-4399-94a3-dba61b73d8ff,R100000118K,21216,x001068017_Grammar and Punctuation,"[""COL"",""AIA""]"
21219,7,GrammarAndPunctuation,b5af5dcf-5290-41fd-9e99-458346ecb503,R100000182D,21219,x001068017_Grammar and Punctuation,"[""AIA"",""ETC""]"
21215,7,Numeracy,bbeaaf8e-f926-44e1-8d27-71e5d0bbba9a,R100000097D,21215,x001068016_Numeracy,"[""AIA"",""ETB""]"
21215,7,Reading,791ac146-efa2-4a56-89af-e12d8ec5d00b,R100000097D,21215,x001068013_Reading,"[""AIA""]"
21215,7,GrammarAndPunctuation,c7639cc0-6ea1-4e7d-8635-0c5f397dda44,R100000097D,21215,x001068017_Grammar and Punctuation,"[""AIA"",""ETD""]"
21212,5,Numeracy,e94f4646-bf33-498b-80da-a4e9e2c599ef,R100000003S,21212,x001068010_Numeracy,"[""ETB"",""AIA""]"
21217,3,Reading,9fcb506f-1bff-4756-9149-5da577ca2145,R100000149P,21217,x00106801_Reading,"[""AST"",""AIA""]"
21216,9,Numeracy,0b2eae1c-c02c-44ca-98c2-80dd64754d35,R100000100E,21216,x001068022_Numeracy,"[""AIA"",""AST""]"
21214,3,Reading,431cc021-f2ee-4c8d-bae6-0ab34a1a7c21,R100000063E,21214,x00106801_Reading,"[""AST"",""AIA""]"
21214,3,Spelling,74bd56ac-60ee-4798-9c0e-c8475249c1b9,R100000063E,21214,x00106806_Spelling,"[""AIA"",""CAL""]"
21219,7,Writing,783af6e9-953b-44b7-b820-bed7bf4f78f6,R100000177D,21219,x001068014_Writing,"[""ETA"",""AIA""]"
21219,7,Reading,64cbb7b5-05c6-409e-997a-c62c0f560c5f,R100000177D,21219,x001068013_Reading,"[""COL"",""CAL""]"
21219,9,Numeracy,3706b54b-bb6f-4096-ab52-8f38284f1d9a,R100000188A,21219,x001068022_Numeracy,"[""AIA""]"
21221,9,Writing,c468f078-0094-4ef1-b07c-793b2f926b71,R100000230A,21221,x001068020_Writing,"[""CAL"",""AIA""]"
21221,9,Numeracy,4e1bd377-27f3-48bd-a935-32bc8bcd5b0a,R100000230A,21221,x001068022_Numeracy,"[""AST"",""AIA""]"
21213,5,Reading,1cae9ac0-5b33-4e29-88f2-d089a235cfc0,R100000036S,21213,x00106807_Reading,"[""AIA""]"
21220,7,GrammarAndPunctuation,7ed49b83-f2ee-47b5-a7e3-99c5fcd08726,R100000220S,21220,x001068017_Grammar and Punctuation,"[""AIA"",""CAL""]"
21217,9,Spelling,e1b2f5e9-643d-420d-b65a-ba308fece350,R100000131A,21217,x001068024_Spelling,"[""ETD"",""AIA""]"
21218,9,Spelling,eed06f85-26de-4fb7-9976-c08fb0af8c05,R100000167H,21218,x001068024_Spelling,"[""ETC"",""AIA""]"
21218,9,Writing,164c2576-8d77-476a-b6b5-c84a1f8c365c,R100000167H,21218,x001068021_Writing_alt,"[""ETD"",""AIA""]"
21218,7,Numeracy,e87b25b8-c06b-4eed-a234-4a696a215898,R100000158D,21218,x001068016_Numeracy,"[""AIA""]"
21218,7,GrammarAndPunctuation,03053df8-8d06-467c-ac39-bb55ce09486b,R100000158D,21218,x001068017_Grammar and Punctuation,"[""AIA"",""BNY""]"
21221,5,Numeracy,8415d56c-4018-4714-ae1e-f0996be70bc5,R100000246G,21221,x001068010_Numeracy,"[""ETB"",""COL""]"
21217,3,Reading,1eefa3af-efa8-4138-93be-1dc4ef8302fe,R100000143E,21217,x00106801_Reading,"[""AIA"",""AST""]"
21219,7,Numeracy,9519fdba-ba02-4541-bfcc-f7c86ce15eef,R100000178S,21219,x001068016_Numeracy,"[""CAL"",""AIA""]"
21216,3,GrammarAndPunctuation,2abe1188-68f8-4529-a0ab-99227755a84e,R100000112A,21216,x00106805_Grammar and Punctuation,"[""AIA"",""AIV""]"
21213,3,Reading,0a4c158c-49b4-4dcb-84d1-9a0bde47c8da,R100000026P,21213,x00106801_Reading,"[""CAL"",""AIA""]"
21213,3,Numeracy,d02082e8-c92f-4f1b-b07d-33c723535750,R100000026P,21213,x00106804_Numeracy,"[""AIV"",""AST""]"
21213,3,Spelling,42017b60-d847-40d6-897d-833cae9f2a28,R100000026P,21213,x00106806_Spelling,"[""AIV"",""AIA""]"
21218,9,GrammarAndPunctuation,1334e4fb-e7d8-4fa0-af0b-87aad6384964,R100000173P,21218,x001068023_Grammar and Punctuation,"[""AIA"",""COL""]"
21215,9,Spelling,0e983b1a-dae7-43a2-a0ac-828567aa90e6,R100000085M,21215,x001068024_Spelling,"[""AIA"",""OFF""]"
21215,9,Numeracy,84c1f49a-7154-4f28-9175-b0776ffdf0e9,R100000085M,21215,x001068022_Numeracy,"[""AIA""]"
21214,5,Spelling,2d522666-5b45-4b04-b8d9-7c4eb6d9159e,R100000065A,21214,x001068012_Spelling,"[""AIA""]"
21218,9,GrammarAndPunctuation,bd1d45e2-fd0c-4dba-ac41-ad31efb06a3e,R100000161K,21218,x001068023_Grammar and Punctuation,"[""COL"",""EST""]"
21218,9,Reading,ff586e05-7f25-4b56-b2e8-ac89185c5c0b,R100000161K,21218,x001068019_Reading,"[""CAL"",""ETA""]"
21220,9,GrammarAndPunctuation,ef0d2cb0-b44c-411a-bef2-d17fe459cb79,R100000213G,21220,x001068023_Grammar and Punctuation,"[""OFF"",""AIA""]"
21220,9,Writing,dc04f569-7e56-47cb-91d2-297b25fcfccb,R100000204E,21220,x001068021_Writing_alt,"[""AIA"",""COL""]"
21216,5,Numeracy,8b5a535b-5039-4574-8318-aba921a79438,R100000122R,21216,x001068010_Numeracy,"[""ETB"",""CAL""]"
21215,3,Spelling,c21a5438-1df9-42bf-9c92-0734f535e5d0,R100000091G,21215,x00106806_Spelling,"[""AIA"",""AST""]"
21220,7,Writing,20dfa411-147b-4f1c-a450-35a2e8c192d0,R100000212M,21220,x001068014_Writing,"[""AIA""]"
21214,5,Numeracy,63ad946b-4082-4a3d-8d5c-a4ed4a7bc51a,R100000073H,21214,x001068010_Numeracy,"[""AIV"",""AIA""]"
21221,7,Writing,d4663282-45aa-49bb-91d8-9ce17775b1e3,R100000242E,21221,x001068015_Writing_alt,"[""CAL"",""AIA""]"
21221,3,Numeracy,d3c52f77-d6b1-4666-abf9-6d5926fd7386,R100000239S,21221,x00106804_Numeracy,"[""AIA"",""ETC""]"
21220,7,Numeracy,e59594f3-dd24-496b-955c-a337bf969b01,R100000216R,21220,x001068016_Numeracy,"[""RBK"",""AIA""]"
21220,7,Reading,8d5d9c69-2c81-4ecd-9935-b541fdbee902,R100000216R,21220,x001068013_Reading,"[""AIA""]"
21218,7,Writing,e6e78e9e-604f-4fa5-b5f7-a1211219c359,R100000169A,21218,x001068015_Writing_alt,"[""AIA""]"
21218,9,Writing,a3e0158e-5204-459b-97ff-f1f83ef561eb,R100000151M,21218,x001068021_Writing_alt,"[""AST"",""AIA""]"
21218,9,Reading,e5b647f5-7a42-4de8-8a57-a5398e6acaf6,R100000174A,21218,x001068019_Reading,"[""AST"",""ETB""]"
21212,5,Writing,dba033b3-fd5d-4789-a921-06845f114dea,R100000015E,21212,x00106808_Writing,"[""AST"",""AIV""]"
21219,9,Reading,5d1fa802-2589-402a-bc86-15974f1731d5,R100000183S,21219,x001068019_Reading,"[""AIA"",""ETD""]"
21215,7,GrammarAndPunctuation,9d4e3cbe-1515-4ae8-9261-35af0ddc5835,R100000078D,21215,x001068017_Grammar and Punctuation,"[""AIA"",""LFS""]"
21212,5,Numeracy,878f7fcc-c8f8-4cb3-acb1-0eb02d9b7f1e,R100000001E,21212,x001068010_Numeracy,"[""ETA"",""AIA""]"
21215,7,Numeracy,6b2b635d-2ea3-4042-bc45-7ae89bb451cc,R100000076K,21215,x001068016_Numeracy,"[""AIV"",""AIA""]"
21215,7,Spelling,2bc21873-e438-4468-9e94-c62fa76ddfaa,R100000076K,21215,x001068018_Spelling,"[""AST"",""AIA""]"
21217,3,GrammarAndPunctuation,cce5e034-8f23-4108-99f5-93b49a77059e,R100000136R,21217,x00106805_Grammar and Punctuation,"[""ETB"",""ETD""]"
21217,3,Reading,686104d0-1d71-4f81-a686-6cde8a70e297,R100000136R,21217,x00106801_Reading,"[""AIA""]"
21215,9,Spelling,e1e77e92-fc39-42fa-a1ae-1936c07323e3,R100000077E,21215,x001068024_Spelling,"[""CAL"",""AIA""]"
21215,9,Writing,28f6caf1-ca38-4a9a-bf8a-526a03e35799,R100000077E,21215,x001068020_Writing,"[""AIA"",""AST""]"
21214,3,Reading,0441bcb3-0a43-40db-a90d-f371f13ca6d2,R100000066M,21214,x00106801_Reading,"[""AIA"",""AST""]"
21214,3,Spelling,0cd7a64e-6f0a-4787-b2dd-2f5f381b6b42,R100000066M,21214,x00106806_Spelling,"[""RBK"",""AIA""]"
21219,7,Numeracy,c89a0f06-2e2e-470b-aeb3-0fdb40f00023,R100000191H,21219,x001068016_Numeracy,"[""AIA"",""COL""]"
21219,7,Spelling,58718785-4093-4f72-9c6d-aab248842f7e,R100000191H,21219,x001068018_Spelling,"[""AIA"",""ETA""]"
21220,7,Writing,f71fc9cf-8977-4d04-be83-9d4be435ef8c,R100000202R,21220,x001068014_Writing,"[""AIA"",""ETC""]"
21220,7,Reading,17c23bb8-4f52-4781-aca3-77b89d33139c,R100000202R,21220,x001068013_Reading,"[""COL"",""AIA""]"
21214,3,Reading,9c463c35-6882-420b-93c8-1cfdb2a02ca8,R100000068H,21214,x00106801_Reading,"[""AIA"",""COL""]"
21214,5,Writing,50cca621-abe1-45a8-97a5-d32d4acc95c0,R100000058E,21214,x00106809_Writing_alt,"[""AIA"",""ETB""]"
21214,5,Reading,81d06a92-013a-43dc-b242-dba9d616562f,R100000058E,21214,x00106807_Reading,"[""ETC""]"
21216,3,Reading,e7c6412b-3354-416e-baaf-25fec9a8054b,R100000116S,21216,x00106801_Reading,"[""AIA"",""ETB""]"
21220,9,GrammarAndPunctuation,554cbed4-1b9b-442f-8abb-37304aba8c02,R100000205P,21220,x001068023_Grammar and Punctuation,"[""CAL"",""AIA""]"
21218,9,Writing,fd6d8ee4-2bcc-4ff4-b7a5-f6ff2200cda3,R100000172H,21218,x001068020_Writing,"[""ETC"",""AIA""]"
21218,9,GrammarAndPunctuation,316cf7d8-b6b4-420b-bbc8-8a54c232583a,R100000172H,21218,x001068023_Grammar and Punctuation,"[""CAL"",""AIA""]"
21215,9,Writing,1bfb4fd1-d688-4eac-95b5-d8d98b29aee2,R100000092H,21215,x001068020_Writing,"[""ETA"",""AIA""]"
21215,9,Reading,3498d43c-8b35-485d-86c4-8cb8d2d81ba9,R100000092H,21215,x001068019_Reading,"[""AST"",""AIA""]"
21215,9,Numeracy,09c20851-c6cd-46f8-ae76-e3ecf9ec704a,R100000092H,21215,x001068022_Numeracy,"[""AST"",""BNL""]"
21216,7,Spelling,424d0045-ed13-48ff-bb75-8baa2456d942,R100000123K,21216,x001068018_Spelling,"[""ETA"",""AIA""]"
21216,7,GrammarAndPunctuation,470fe037-5ceb-4a13-b317-0c4426dc850a,R100000123K,21216,x001068017_Grammar and Punctuation,"[""COL"",""AIA""]"
21219,7,Numeracy,81aee917-e32e-4cc5-ad50-482d1487e38b,R100000195E,21219,x001068016_Numeracy,"[""AIA"",""ETA""]"
21213,3,Spelling,b7573994-6228-4d51-9a6a-2f9962cae099,R100000044E,21213,x00106806_Spelling,"[""ETA"",""AIA""]"
21217,5,GrammarAndPunctuation,0a2bbe50-2b24-404e-8770-fa9688667aa4,R100000138E,21217,x001068011_Grammar and Punctuation,"[""CAL"",""AIA""]"
21213,3,Spelling,29a466e4-76c3-4511-bac0-2ab49d0bb989,R100000030H,21213,x00106806_Spelling,"[""CAL"",""AIA""]"
21220,9,Spelling,39b8076e-c501-4745-b2fc-a5f53ae5f4cd,R100000215S,21220,x001068024_Spelling,"[""COL"",""AIA""]"
21220,7,Numeracy,42717178-5f55-45b6-a8a6-8d91251a24a6,R100000211A,21220,x001068016_Numeracy,"[""AIA""]"
21214,5,Reading,caec0797-e433-429a-a9d1-e4c19e41e44d,R100000074P,21214,x00106807_Reading,"[""AST"",""AIA""]"
21214,3,Reading,e891ea17-2fba-4fab-9d2e-a80cbdf1e0b6,R100000054H,21214,x00106801_Reading,"[""CAL"",""AIA""]"
21219,7,GrammarAndPunctuation,4d5143b3-df15-4aff-b169-84d33e515767,R100000175K,21219,x001068017_Grammar and Punctuation,"[""AIA""]"
21212,5,Writing,5c8cefb5-f20e-4bf6-bdf0-c9e0303e882c,R100000005G,21212,x00106808_Writing,"[""COL"",""AIA""]"
21212,5,Reading,dfcfe611-e5e8-4889-878e-e951777b7cd0,R100000005G,21212,x00106807_Reading,"[""CAL"",""AST""]"
21212,5,Numeracy,39850350-7a0e-41a8-85a7-2b9b626d9a3d,R100000005G,21212,x001068010_Numeracy,"[""AIA""]"
21215,9,Writing,9688d871-ae36-4f80-8414-41c138552e7c,R100000083D,21215,x001068021_Writing_alt,"[""ETB"",""AST""]"
21215,9,GrammarAndPunctuation,c815031e-1b69-4751-ae91-7f80a2f6e364,R100000083D,21215,x001068023_Grammar and Punctuation,"[""ETD"",""AIA""]"
21214,5,Spelling,f8fdaf20-acd5-4d98-a2a5-f83015e0c5b6,R100000060S,21214,x001068012_Spelling,"[""AST"",""AIA""]"
21213,3,Reading,17a91aae-9998-44db-ade3-99873dd524b5,R100000037R,21213,x00106801_Reading,"[""ETB"",""ETA""]"
21213,3,Spelling,2053a4ee-fc7d-4d30-a70f-73fdd2a9851e,R100000037R,21213,x00106806_Spelling,"[""AIA"",""ETB""]"
21214,3,GrammarAndPunctuation,29b95e9e-41b5-47b8-b7f9-3ccdbef69d2e,R100000062K,21214,x00106805_Grammar and Punctuation,"[""AST"",""AIA""]"
21214,3,Numeracy,82e00754-80b7-424b-a263-331f0c9ce150,R100000062K,21214,x00106804_Numeracy,"[""AIA""]"
21214,3,Spelling,bd775b5e-8ffb-4f85-b4c1-715a4aeb21d1,R100000062K,21214,x00106806_Spelling,"[""AIA""]"
21219,9,Writing,797e6c97-1ae4-4d9e-bb0e-b3f9a055a210,R100000190G,21219,x001068021_Writing_alt,"[""AIA"",""AST""]"
21219,9,GrammarAndPunctuation,788a0f06-f8fd-4f48-9878-526299db0e00,R100000190G,21219,x001068023_Grammar and Punctuation,"[""CAL"",""AIA""]"
21220,9,GrammarAndPunctuation,710d703e-08b0-49d3-b2a6-79c66a75b4eb,R100000209H,21220,x001068023_Grammar and Punctuation,"[""AST"",""CAL""]"
21218,7,Spelling,a6702fea-2b51-4deb-b8a1-ec77495f79fe,R100000160R,21218,x001068018_Spelling,"[""BNG"",""AIA""]"
21218,7,GrammarAndPunctuation,91945fe6-7096-4ba0-aa64-a4b1597cf319,R100000160R,21218,x001068017_Grammar and Punctuation,"[""AIV""]"
